TZ_GROUP,REL_COUNTRY_CODE,YEAR,DIFFER_GMT,DIFFER_SIGN,DAYLIGHT_SAVINGS,ED,DD,ED_STATUS,DD_STATUS,HEMISPHERE
,GW,2008,0,P,0,,,V,V,N
,HK,2007,32,P,0,,,V,V,N
,HK,2008,32,P,0,,,V,V,N
,HN,2007,24,N,0,,,V,V,N
,HN,2008,24,N,0,,,V,V,N
152,HR,2007,4,P,4,25/03/2007 01:00:00,28/10/2007 01:00:00,V,V,N
152,HR,2008,4,P,4,30/03/2008 01:00:00,26/10/2008 01:00:00,V,V,N
059,HT,2007,20,N,0,01/04/2007 05:00:00,28/10/2007 04:00:00,V,V,N
059,HT,2008,20,N,0,06/04/2008 05:00:00,26/10/2008 04:00:00,V,V,N
060,HU,2007,4,P,4,25/03/2007 01:00:00,28/10/2007 01:00:00,V,V,N
060,HU,2008,4,P,4,30/03/2008 01:00:00,26/10/2008 01:00:00,V,V,N
061,ID,2007,28,P,0,,,V,V,S
061,ID,2008,28,P,0,,,V,V,S
062,ID,2007,32,P,0,,,V,V,S
062,ID,2008,32,P,0,,,V,V,S
063,ID,2007,36,P,0,,,V,V,S
063,ID,2008,36,P,0,,,V,V,S
064,IE,2008,0,P,4,30/03/2008 01:00:00,26/10/2008 01:00:00,V,V,N
065,IL,2007,8,P,4,25/03/2007,15/09/2007 23:00:00,V,V,N
065,IL,2008,8,P,4,30/03/2008 01:00:00,04/10/2008 23:00:00,V,V,N
,IN,2007,22,P,0,,,V,V,N
,IN,2008,22,P,0,,,V,V,N
066,IQ,2007,12,P,4,01/04/2007,01/10/2007,V,V,N
066,IQ,2008,12,P,4,01/04/2008,01/10/2008,V,V,N
120,IR,2007,14,P,0,,,V,V,N
120,IR,2008,14,P,0,,,V,V,N
,IS,2007,0,P,0,,,V,V,N
,IS,2008,0,P,0,,,V,V,N
067,IT,2007,4,P,4,25/03/2007 01:00:00,28/10/2007 01:00:00,V,V,N
067,IT,2008,4,P,4,30/03/2008 01:00:00,26/10/2008 01:00:00,V,V,N
,JM,2007,20,N,0,,,V,V,N
,JM,2008,20,N,0,,,V,V,N
068,JO,2007,8,P,4,29/03/2007 22:00:00,25/10/2007 21:00:00,V,V,N
,JP,2007,36,P,0,,,V,V,N
,JP,2008,36,P,0,,,V,V,N
,KE,2007,12,P,0,,,V,V,N
,KE,2008,12,P,0,,,V,V,N
134,KG,2007,24,P,0,,,V,V,N
134,KG,2008,24,P,0,,,V,V,N
,KH,2007,28,P,0,,,V,V,N
,KH,2008,28,P,0,,,V,V,N
069,KI,2007,48,P,0,,,V,V,S
069,KI,2008,48,P,0,,,V,V,S
070,KI,2007,56,P,0,,,V,V,S
070,KI,2008,56,P,0,,,V,V,S
071,KI,2007,52,P,0,,,V,V,S
071,KI,2008,52,P,0,,,V,V,S
,KM,2007,12,P,0,,,V,V,S
,KM,2008,12,P,0,,,V,V,S
,KN,2007,16,N,0,,,V,V,N
,KP,2008,36,P,0,,,V,V,N
,KR,2007,36,P,0,,,V,V,N
,KR,2008,36,P,0,,,V,V,N
,KW,2007,12,P,0,,,V,V,N
,KW,2008,12,P,0,,,V,V,N
,KY,2007,20,N,0,,,V,V,N
,KY,2008,20,N,0,,,V,V,N
133,KZ,2007,24,P,0,,,V,V,N
133,KZ,2008,24,P,0,,,V,V,N
162,KZ,2007,20,P,0,,,V,V,N
162,KZ,2008,20,P,0,,,V,V,N
164,KZ,2007,24,P,0,,,V,V,N
164,KZ,2008,24,P,0,,,V,V,N
,LA,2007,28,P,0,,,V,V,N
,LA,2008,28,P,0,,,V,V,N
072,LB,2007,8,P,4,24/03/2007 22:00:00,27/10/2007 21:00:00,V,V,N
,LC,2007,16,N,0,,,V,V,N
,LC,2008,16,N,0,,,V,V,N
091,LI,2007,4,P,4,25/03/2007 01:00:00,28/10/2007 01:00:00,V,V,N
091,LI,2008,4,P,4,30/03/2008 01:00:00,26/10/2008 01:00:00,V,V,N
187,LK,2007,22,P,0,,,V,V,N
187,LK,2008,22,P,0,,,V,V,N
,LR,2007,0,P,0,,,V,V,N
,LR,2008,0,P,0,,,V,V,N
,LS,2007,8,P,0,,,V,V,S
,LS,2008,8,P,0,,,V,V,S
125,LT,2007,8,P,4,25/03/2007 01:00:00,28/10/2007 01:00:00,V,V,N
125,LT,2008,8,P,4,30/03/2008 01:00:00,26/10/2008 01:00:00,V,V,N
073,LU,2007,4,P,4,25/03/2007 01:00:00,28/10/2007 01:00:00,V,V,N
073,LU,2008,4,P,4,30/03/2008 01:00:00,26/10/2008 01:00:00,V,V,N
126,LV,2007,8,P,4,25/03/2007 01:00:00,28/10/2007 01:00:00,V,V,N
126,LV,2008,8,P,4,30/03/2008 01:00:00,26/10/2008 01:00:00,V,V,N
122,LY,2007,8,P,0,,,V,V,N
,MA,2008,0,P,0,,,V,V,N
074,MC,2007,4,P,4,25/03/2007 01:00:00,28/10/2007 01:00:00,V,V,N
074,MC,2008,4,P,4,30/03/2008 01:00:00,26/10/2008 01:00:00,V,V,N
135,MD,2007,8,P,4,25/03/2007 01:00:00,28/10/2007 01:00:00,V,V,N
135,MD,2008,8,P,4,30/03/2008 01:00:00,26/10/2008 01:00:00,V,V,N
188,ME,2007,4,P,4,25/03/2007 01:00:00,28/10/2007 01:00:00,V,V,N
188,ME,2008,4,P,4,30/03/2008 01:00:00,26/10/2008 01:00:00,V,V,N
,MG,2007,12,P,0,,,V,V,S
,MG,2008,12,P,0,,,V,V,S
075,MH,2007,48,P,0,,,V,V,S
075,MH,2008,48,P,0,,,V,V,S
076,MH,2007,48,P,0,,,V,V,S
076,MH,2008,48,P,0,,,V,V,S
159,MK,2007,4,P,4,25/03/2007 01:00:00,28/10/2007 01:00:00,V,V,N
159,MK,2008,4,P,4,30/03/2008 01:00:00,26/10/2008 01:00:00,V,V,N
,ML,2007,0,P,0,,,V,V,N
,ML,2008,0,P,0,,,V,V,N
175,MN,2007,32,P,4,30/03/2007 18:00:00,28/09/2007 17:00:00,V,V,N
175,MN,2008,32,P,4,28/03/2008 18:00:00,26/09/2008 17:00:00,V,V,N
,MO,2007,32,P,0,,,V,V,N
,MO,2008,32,P,0,,,V,V,N
,MP,2007,40,P,0,,,V,V,N
,MP,2008,40,P,0,,,V,V,N
,MQ,2007,16,N,0,,,V,V,N
,MQ,2008,16,N,0,,,V,V,N
,MR,2007,0,P,0,,,V,V,N
,MR,2008,0,P,0,,,V,V,N
,MS,2007,16,N,0,,,V,V,N
,MS,2008,16,N,0,,,V,V,N
078,MT,2007,4,P,4,25/03/2007 01:00:00,28/10/2007 01:00:00,V,V,N
078,MT,2008,4,P,4,30/03/2008 01:00:00,26/10/2008 01:00:00,V,V,N
,MU,2007,16,P,0,,,V,V,N
,MU,2008,16,P,0,,,V,V,N
,MW,2007,8,P,0,,,V,V,S
,MW,2008,8,P,0,,,V,V,S
079,MX,2007,28,N,4,01/04/2007 09:00:00,28/10/2007 08:00:00,V,V,N
079,MX,2008,28,N,4,06/04/2008 09:00:00,26/10/2008 08:00:00,V,V,N
080,MX,2007,32,N,4,01/04/2007 10:00:00,28/10/2007 09:00:00,V,V,N
080,MX,2008,32,N,4,06/04/2008 10:00:00,26/10/2008 09:00:00,V,V,N
097,MX,2007,28,N,0,,,V,V,N
097,MX,2008,28,N,0,,,V,V,N
168,MX,2007,24,N,4,01/04/2007 08:00:00,28/10/2007 07:00:00,V,V,N
168,MX,2008,24,N,4,06/04/2008 08:00:00,26/10/2008 07:00:00,V,V,N
,MY,2007,32,P,0,,,V,V,N
,MY,2008,32,P,0,,,V,V,N
,MZ,2007,8,P,0,,,V,V,S
,MZ,2008,8,P,0,,,V,V,S
004,NA,2007,4,P,4,02/09/2007 01:00:00,01/04/2007,V,V,S
004,NA,2008,4,P,4,07/09/2008 01:00:00,06/04/2008,V,V,S
165,NC,2007,44,P,0,,,V,V,S
165,NC,2008,44,P,0,,,V,V,S
,NE,2007,4,P,0,,,V,V,N
,NE,2008,4,P,0,,,V,V,N
,NF,2007,46,P,0,,,V,V,S
,NF,2008,46,P,0,,,V,V,S
,NG,2007,4,P,0,,,V,V,N
,NG,2008,4,P,0,,,V,V,N
193,NI,2007,24,N,0,,,V,V,N
193,NI,2008,24,N,0,,,V,V,N
083,NO,2007,4,P,4,25/03/2007 01:00:00,28/10/2007 01:00:00,V,V,N
083,NO,2008,4,P,4,30/03/2008 01:00:00,26/10/2008 01:00:00,V,V,N
,NP,2007,23,P,0,,,V,V,N
,NP,2008,23,P,0,,,V,V,N
,NR,2007,48,P,0,,,V,V,S
,NR,2008,48,P,0,,,V,V,S
,NU,2007,44,N,0,,,V,V,S
084,NZ,2008,48,P,4,04/10/2008 14:00:00,15/03/2008 14:00:00,V,V,S
084,NZ,2009,48,P,4,01/01/2010,14/03/2009 14:00:00,U,V,S
085,NZ,2007,51,P,4,06/10/2007 14:00:00,17/03/2007 14:00:00,V,V,S
085,NZ,2008,51,P,4,04/10/2008 14:00:00,15/03/2008 14:00:00,V,V,S
085,NZ,2009,51,P,4,01/01/2010,14/03/2009 14:00:00,U,V,S
,OM,2007,16,P,0,,,V,V,N
,OM,2008,16,P,0,,,V,V,N
155,PE,2007,20,N,0,,,V,V,S
086,PF,2007,38,N,0,,,V,V,S
086,PF,2008,38,N,0,,,V,V,S
087,PF,2008,40,N,0,,,V,V,S
088,PF,2007,36,N,0,,,V,V,S
,PG,2007,40,P,0,,,V,V,S
,PG,2008,40,P,0,,,V,V,S
,PH,2007,32,P,0,,,V,V,N
163,PK,2007,20,P,0,,,V,V,N
089,PL,2007,4,P,4,25/03/2007 01:00:00,28/10/2007 01:00:00,V,V,N
089,PL,2008,4,P,4,30/03/2008 01:00:00,26/10/2008 01:00:00,V,V,N
090,PM,2007,12,N,4,01/04/2007 05:00:00,28/10/2007 04:00:00,V,V,N
090,PM,2008,12,N,4,06/04/2008 05:00:00,26/10/2008 04:00:00,V,V,N
,PR,2008,16,N,0,,,V,V,N
190,PS,2007,8,P,4,29/03/2007 23:00:00,26/09/2007 22:00:00,V,V,N
092,PT,2007,0,P,4,25/03/2007 01:00:00,28/10/2007 01:00:00,V,V,N
092,PT,2008,0,P,4,30/03/2008 01:00:00,26/10/2008 01:00:00,V,V,N
158,PT,2007,4,N,4,25/03/2007 01:00:00,28/10/2007 01:00:00,V,V,N
,PW,2007,36,P,0,,,V,V,S
,PW,2008,36,P,0,,,V,V,S
093,PY,2008,16,N,4,19/10/2008 04:00:00,09/03/2008 03:00:00,V,V,S
093,PY,2009,16,N,4,01/01/2010,08/03/2009 03:00:00,U,V,S
,QA,2007,12,P,0,,,V,V,N
,QA,2008,12,P,0,,,V,V,N
,RE,2007,16,P,0,,,V,V,S
,RE,2008,16,P,0,,,V,V,S
094,RO,2008,8,P,4,30/03/2008 01:00:00,26/10/2008 01:00:00,V,V,N
189,RS,2007,4,P,4,25/03/2007 01:00:00,28/10/2007 01:00:00,V,V,N
189,RS,2008,4,P,4,30/03/2008 01:00:00,26/10/2008 01:00:00,V,V,N
130,RU,2007,12,P,4,24/03/2007 23:00:00,27/10/2007 23:00:00,V,V,N
130,RU,2008,12,P,4,29/03/2008 23:00:00,25/10/2008 23:00:00,V,V,N
140,RU,2007,16,P,4,24/03/2007 22:00:00,27/10/2007 22:00:00,V,V,N
140,RU,2008,16,P,4,29/03/2008 22:00:00,25/10/2008 22:00:00,V,V,N
141,RU,2008,20,P,4,29/03/2008 21:00:00,25/10/2008 21:00:00,V,V,N
142,RU,2007,24,P,4,24/03/2007 20:00:00,27/10/2007 20:00:00,V,V,N
143,RU,2007,28,P,4,24/03/2007 19:00:00,27/10/2007 19:00:00,V,V,N
143,RU,2008,28,P,4,29/03/2008 19:00:00,25/10/2008 19:00:00,V,V,N
144,RU,2007,32,P,4,24/03/2007 18:00:00,27/10/2007 18:00:00,V,V,N
144,RU,2008,32,P,4,29/03/2008 18:00:00,25/10/2008 18:00:00,V,V,N
145,RU,2007,36,P,4,24/03/2007 17:00:00,27/10/2007 17:00:00,V,V,N
146,RU,2007,40,P,4,24/03/2007 16:00:00,27/10/2007 16:00:00,V,V,N
146,RU,2008,40,P,4,29/03/2008 16:00:00,25/10/2008 16:00:00,V,V,N
147,RU,2007,44,P,4,24/03/2007 15:00:00,27/10/2007 15:00:00,V,V,N
147,RU,2008,44,P,4,29/03/2008 15:00:00,25/10/2008 05:00:00,V,V,N
148,RU,2007,48,P,4,24/03/2007 14:00:00,27/10/2007 14:00:00,V,V,N
148,RU,2008,48,P,4,29/03/2008 14:00:00,25/10/2008 14:00:00,V,V,N
160,RU,2007,8,P,4,25/03/2007,28/10/2007,V,V,N
,RW,2007,8,P,0,,,V,V,S
,RW,2008,8,P,0,,,V,V,S
,SA,2007,12,P,0,,,V,V,N
,SA,2008,12,P,0,,,V,V,N
,SB,2007,44,P,0,,,V,V,S
172,SD,2008,12,P,0,,,V,V,N
,SD,2007,12,P,0,,,V,V,N
,SD,2008,12,P,0,,,V,V,N
095,SE,2007,4,P,4,25/03/2007 01:00:00,28/10/2007 01:00:00,V,V,N
095,SE,2008,4,P,4,30/03/2008 01:00:00,26/10/2008 01:00:00,V,V,N
175,MN,2006,32,P,4,24/03/2006 18:00:00,29/09/2006 17:00:00,V,V,N
,MO,2005,32,P,0,,,V,V,N
,SH,2007,0,P,0,,,V,V,S
,SH,2008,0,P,0,,,V,V,S
153,SI,2007,4,P,4,25/03/2007 01:00:00,28/10/2007 01:00:00,V,V,N
153,SI,2008,4,P,4,30/03/2008 01:00:00,26/10/2008 01:00:00,V,V,N
156,SK,2007,4,P,4,25/03/2007 01:00:00,28/10/2007 01:00:00,V,V,N
156,SK,2008,4,P,4,30/03/2008 01:00:00,26/10/2008 01:00:00,V,V,N
,SL,2007,0,P,0,,,V,V,N
,SL,2008,0,P,0,,,V,V,N
096,SM,2007,4,P,4,25/03/2007 01:00:00,28/10/2007 01:00:00,V,V,N
096,SM,2008,4,P,4,30/03/2008 01:00:00,26/10/2008 01:00:00,V,V,N
,SN,2007,0,P,0,,,V,V,N
,SN,2008,0,P,0,,,V,V,N
,SO,2007,12,P,0,,,V,V,N
,SO,2008,12,P,0,,,V,V,N
,SR,2007,12,N,0,,,V,V,N
,SR,2008,12,N,0,,,V,V,N
,ST,2007,0,P,0,,,V,V,N
,ST,2008,0,P,0,,,V,V,N
,SV,2007,24,N,0,,,V,V,N
,SV,2008,24,N,0,,,V,V,N
098,SY,2007,8,P,4,30/03/2007 22:00:00,31/10/2007 21:00:00,V,V,N
098,SY,2008,8,P,4,31/03/2008 22:00:00,30/09/2008 21:00:00,V,V,N
,SZ,2007,8,P,0,,,V,V,S
,SZ,2008,8,P,0,,,V,V,S
099,TC,2007,20,N,4,01/04/2007 05:00:00,28/10/2007 04:00:00,V,V,N
099,TC,2008,20,N,4,06/04/2008 05:00:00,26/10/2008 04:00:00,V,V,N
,TD,2007,4,P,0,,,V,V,N
,TD,2008,4,P,0,,,V,V,N
,TG,2007,0,P,0,,,V,V,N
,TG,2008,0,P,0,,,V,V,N
,MO,2006,32,P,0,,,V,V,N
,MP,2005,40,P,0,,,V,V,N
136,TJ,2007,20,P,0,,,V,V,N
136,TJ,2008,20,P,0,,,V,V,N
,TL,2007,36,P,0,,,V,V,S
,TL,2008,36,P,0,,,V,V,S
137,TM,2007,20,P,0,,,V,V,N
137,TM,2008,20,P,0,,,V,V,N
100,TN,2007,4,P,4,25/03/2007 01:00:00,28/10/2007 01:00:00,V,V,N
100,TN,2008,4,P,4,30/03/2008 01:00:00,26/10/2008 01:00:00,V,V,N
173,TO,2007,52,P,0,,,V,V,S
173,TO,2008,52,P,0,,,V,V,S
101,TR,2007,8,P,4,25/03/2007 01:00:00,28/10/2007 01:00:00,V,V,N
101,TR,2008,8,P,4,30/03/2008 01:00:00,26/10/2008 01:00:00,V,V,N
,TT,2007,16,N,0,,,V,V,N
,TT,2008,16,N,0,,,V,V,N
,TV,2007,48,P,0,,,V,V,N
,TV,2008,48,P,0,,,V,V,N
,TW,2007,32,P,0,,,V,V,N
,TW,2008,32,P,0,,,V,V,N
,TZ,2007,12,P,0,,,V,V,S
,TZ,2008,12,P,0,,,V,V,S
127,UA,2007,8,P,4,25/03/2007 01:00:00,28/10/2007 01:00:00,V,V,N
127,UA,2008,8,P,4,30/03/2008 01:00:00,26/10/2008 01:00:00,V,V,N
,UG,2007,12,P,0,,,V,V,N
,UG,2008,12,P,0,,,V,V,N
102,UM,2007,40,N,0,,,V,V,S
102,UM,2008,40,N,0,,,V,V,S
103,UM,2007,44,N,0,,,V,V,S
103,UM,2008,44,N,0,,,V,V,S
104,UM,2007,48,N,0,,,V,V,S
104,UM,2008,48,N,0,,,V,V,S
,MP,2006,40,P,0,,,V,V,N
,MQ,2005,16,N,0,,,V,V,N
,MQ,2006,16,N,0,,,V,V,N
,MR,2005,0,P,0,,,V,V,N
108,US,2007,28,N,4,11/03/2007 09:00:00,04/11/2007 08:00:00,V,V,N
108,US,2008,28,N,4,09/03/2008 09:00:00,02/11/2008 08:00:00,V,V,N
109,US,2007,28,N,0,,,V,V,N
109,US,2008,28,N,0,,,V,V,N
110,US,2007,32,N,4,11/03/2007 10:00:00,04/11/2007 09:00:00,V,V,N
110,US,2008,32,N,4,09/03/2008 10:00:00,02/11/2008 09:00:00,V,V,N
111,US,2007,36,N,4,11/03/2007 11:00:00,04/11/2007 10:00:00,V,V,N
111,US,2008,36,N,4,09/03/2008 11:00:00,02/11/2008 10:00:00,V,V,N
112,US,2007,40,N,4,11/03/2007 12:00:00,04/11/2007 11:00:00,V,V,N
112,US,2008,40,N,4,09/03/2008 12:00:00,02/11/2008 11:00:00,V,V,N
113,US,2007,40,N,0,,,V,V,N
113,US,2008,40,N,0,,,V,V,N
114,UY,2007,12,N,4,07/10/2007 05:00:00,11/03/2007 04:00:00,V,V,S
114,UY,2008,12,N,4,05/10/2008 05:00:00,09/03/2008 04:00:00,V,V,S
114,UY,2009,12,N,4,01/01/2010,08/03/2009 04:00:00,U,V,S
138,UZ,2007,20,P,0,,,V,V,N
138,UZ,2008,20,P,0,,,V,V,N
,VC,2007,16,N,0,,,V,V,N
,VC,2008,16,N,0,,,V,V,N
,VE,2007,16,N,0,,,V,V,N
,VE,2008,16,N,0,,,V,V,N
,VG,2007,16,N,0,,,V,V,N
,VG,2008,16,N,0,,,V,V,N
,VI,2007,16,N,0,,,V,V,N
,VI,2008,16,N,0,,,V,V,N
,VN,2007,28,P,0,,,V,V,N
,VN,2008,28,P,0,,,V,V,N
115,VU,2007,44,P,0,,,V,V,S
115,VU,2008,44,P,0,,,V,V,S
,WF,2007,48,P,0,,,V,V,S
,WF,2008,48,P,0,,,V,V,S
,WS,2007,44,N,0,,,V,V,S
,WS,2008,44,N,0,,,V,V,S
,YE,2007,12,P,0,,,V,V,N
,YE,2008,12,P,0,,,V,V,N
,YT,2007,12,P,0,,,V,V,S
,YT,2008,12,P,0,,,V,V,S
,ZA,2007,8,P,0,,,V,V,S
,ZA,2008,8,P,0,,,V,V,S
,ZM,2007,8,P,0,,,V,V,S
,ZM,2008,8,P,0,,,V,V,S
,ZW,2007,8,P,0,,,V,V,S
,ZW,2008,8,P,0,,,V,V,S
,ZZ,2007,0,P,0,,,V,V,N
,ZZ,2008,0,P,0,,,V,V,N
,MR,2006,0,P,0,,,V,V,N
,MS,2005,16,N,0,,,V,V,N
,MS,2006,16,N,0,,,V,V,N
078,MT,2005,4,P,4,27/03/2005 01:00:00,30/10/2005 01:00:00,V,V,N
078,MT,2006,4,P,4,26/03/2006 01:00:00,29/10/2006 01:00:00,V,V,N
,MU,2005,16,P,0,,,V,V,N
,MU,2006,16,P,0,,,V,V,N
,MV,2005,20,P,0,,,V,V,N
,MV,2006,20,P,0,,,V,V,N
,MW,2005,8,P,0,,,V,V,S
,MW,2006,8,P,0,,,V,V,S
079,MX,2005,28,N,4,03/04/2005 09:00:00,30/10/2005 08:00:00,V,V,N
079,MX,2006,28,N,4,02/04/2006 09:00:00,29/10/2006 08:00:00,V,V,N
080,MX,2005,32,N,4,03/04/2005 10:00:00,30/10/2005 09:00:00,V,V,N
080,MX,2006,32,N,4,02/04/2006 10:00:00,29/10/2006 09:00:00,V,V,N
097,MX,2005,28,N,0,,,V,V,N
097,MX,2006,28,N,0,,,V,V,N
168,MX,2005,24,N,4,03/04/2005 08:00:00,30/10/2005 07:00:00,V,V,N
168,MX,2006,24,N,4,02/04/2006 08:00:00,29/10/2006 07:00:00,V,V,N
,MY,2005,32,P,0,,,V,V,N
,MY,2006,32,P,0,,,V,V,N
,MZ,2005,8,P,0,,,V,V,S
,MZ,2006,8,P,0,,,V,V,S
004,NA,2005,4,P,4,04/09/2005 01:00:00,03/04/2005,V,V,S
004,NA,2006,4,P,4,03/09/2006 01:00:00,02/04/2006,V,V,S
165,NC,2005,44,P,0,,,V,V,S
165,NC,2006,44,P,0,,,V,V,S
,NE,2005,4,P,0,,,V,V,N
,NE,2006,4,P,0,,,V,V,N
,NF,2005,46,P,0,,,V,V,S
,NF,2006,46,P,0,,,V,V,S
,NG,2005,4,P,0,,,V,V,N
,NG,2006,4,P,0,,,V,V,N
193,NI,2005,24,N,0,,,V,V,N
193,NI,2006,24,N,0,,,V,V,N
082,NL,2005,4,P,4,27/03/2005 01:00:00,30/10/2005 01:00:00,V,V,N
082,NL,2006,4,P,4,26/03/2006 01:00:00,29/10/2006 01:00:00,V,V,N
083,NO,2005,4,P,4,27/03/2005 01:00:00,30/10/2005 01:00:00,V,V,N
083,NO,2006,4,P,4,26/03/2006 01:00:00,29/10/2006 01:00:00,V,V,N
,NP,2005,23,P,0,,,V,V,N
,NP,2006,23,P,0,,,V,V,N
,NR,2005,48,P,0,,,V,V,S
,NR,2006,48,P,0,,,V,V,S
,NU,2005,44,N,0,,,V,V,S
,NU,2006,44,N,0,,,V,V,S
084,NZ,2005,48,P,4,01/10/2005 14:00:00,19/03/2005 14:00:00,V,V,S
084,NZ,2006,48,P,4,07/10/2006 14:00:00,18/03/2006 14:00:00,V,V,S
085,NZ,2005,51,P,4,01/10/2005 14:00:00,19/03/2005 14:00:00,V,V,S
085,NZ,2006,51,P,4,07/10/2006 14:00:00,18/03/2006 14:00:00,V,V,S
,OM,2005,16,P,0,,,V,V,N
,OM,2006,16,P,0,,,V,V,N
,PA,2005,20,N,0,,,V,V,N
,PA,2006,20,N,0,,,V,V,N
155,PE,2005,20,N,0,,,V,V,S
155,PE,2006,20,N,0,,,V,V,S
086,PF,2005,38,N,0,,,V,V,S
086,PF,2006,38,N,0,,,V,V,S
087,PF,2005,40,N,0,,,V,V,S
087,PF,2006,40,N,0,,,V,V,S
088,PF,2005,36,N,0,,,V,V,S
088,PF,2006,36,N,0,,,V,V,S
,PG,2005,40,P,0,,,V,V,S
,PG,2006,40,P,0,,,V,V,S
,PH,2005,32,P,0,,,V,V,N
,PH,2006,32,P,0,,,V,V,N
163,PK,2005,20,P,0,,,V,V,N
163,PK,2006,20,P,0,,,V,V,N
089,PL,2005,4,P,4,27/03/2005 01:00:00,30/10/2005 01:00:00,V,V,N
089,PL,2006,4,P,4,26/03/2006 01:00:00,29/10/2006 01:00:00,V,V,N
090,PM,2005,12,N,4,03/04/2005 05:00:00,30/10/2005 04:00:00,V,V,N
090,PM,2006,12,N,4,02/04/2006 05:00:00,29/10/2006 04:00:00,V,V,N
,PR,2005,16,N,0,,,V,V,N
190,PS,2005,8,P,4,31/03/2005 23:00:00,29/09/2005 22:00:00,V,V,N
190,PS,2006,8,P,4,30/03/2006 23:00:00,28/09/2006 22:00:00,V,V,N
092,PT,2005,0,P,4,27/03/2005 01:00:00,30/10/2005 01:00:00,V,V,N
092,PT,2006,0,P,4,26/03/2006 01:00:00,29/10/2006 01:00:00,V,V,N
158,PT,2005,4,N,4,27/03/2005 01:00:00,30/10/2005 01:00:00,V,V,N
158,PT,2006,4,N,4,26/03/2006 01:00:00,29/10/2006 01:00:00,V,V,N
,PW,2005,36,P,0,,,V,V,S
,PW,2006,36,P,0,,,V,V,S
093,PY,2005,16,N,4,17/10/2005 04:00:00,13/03/2005 03:00:00,V,V,S
093,PY,2006,16,N,4,16/10/2006 04:00:00,12/03/2006 03:00:00,V,V,S
,QA,2005,12,P,0,,,V,V,N
,QA,2006,12,P,0,,,V,V,N
,RE,2005,16,P,0,,,V,V,S
,RE,2006,16,P,0,,,V,V,S
094,RO,2005,8,P,4,27/03/2005 01:00:00,30/10/2005 01:00:00,V,V,N
094,RO,2006,8,P,4,26/03/2006 01:00:00,29/10/2006 01:00:00,V,V,N
189,RS,2005,4,P,4,27/03/2005 01:00:00,30/10/2005 01:00:00,V,V,N
189,RS,2006,4,P,4,26/03/2006 01:00:00,29/10/2006 01:00:00,V,V,N
045,ES,2006,4,P,4,26/03/2006 01:00:00,29/10/2006 01:00:00,V,V,N
046,ES,2006,0,P,4,26/03/2006 02:00:00,29/10/2006 02:00:00,V,V,N
,PR,2006,16,N,0,,,V,V,N
042,EC,2006,20,N,4,,,V,V,N
043,EC,2006,24,N,4,,,V,V,N
053,GB,2006,0,P,4,26/03/2006 01:00:00,29/10/2006 01:00:00,V,V,N
040,DE,2006,4,P,4,26/03/2006 01:00:00,29/10/2006 01:00:00,V,V,N
,LC,2003,16,N,0,,,V,V,N
052,FR,2005,4,P,4,27/03/2005 01:00:00,30/10/2005 01:00:00,V,V,N
052,FR,2006,4,P,4,26/03/2006 01:00:00,29/10/2006 01:00:00,V,V,N
091,LI,2003,4,P,4,31/03/2003,27/10/2003,V,V,N
187,LK,2003,22,P,0,,,V,V,N
,LR,2003,0,P,0,,,V,V,N
,LS,2003,8,P,0,,,V,V,S
125,LT,2003,8,P,4,31/03/2003,27/10/2003,V,V,N
073,LU,2003,4,P,4,31/03/2003,27/10/2003,V,V,N
126,LV,2003,8,P,4,31/03/2003,27/10/2003,V,V,N
122,LY,2003,8,P,0,,,V,V,N
,MA,2003,0,P,0,,,V,V,N
074,MC,2003,4,P,4,31/03/2003,27/10/2003,V,V,N
135,MD,2003,8,P,4,31/03/2003,27/10/2003,V,V,N
188,ME,2003,4,P,4,31/03/2003,27/10/2003,V,V,N
,MG,2003,12,P,0,,,V,V,S
075,MH,2003,48,P,0,,,V,V,S
076,MH,2003,48,P,0,,,V,V,S
159,MK,2003,4,P,4,31/03/2003,27/10/2003,V,V,N
,ML,2003,0,P,0,,,V,V,N
,MM,2003,26,P,0,,,V,V,N
175,MN,2003,32,P,4,29/03/2003,27/09/2003,V,V,N
,MO,2003,32,P,0,,,V,V,N
,MQ,2003,16,N,0,,,V,V,N
,MR,2003,0,P,0,,,V,V,N
078,MT,2003,4,P,4,31/03/2003,27/10/2003,V,V,N
,MV,2003,20,P,0,,,V,V,N
,MW,2003,8,P,0,,,V,V,S
080,MX,2003,32,N,4,07/04/2003,27/10/2003,V,V,N
097,MX,2003,28,N,0,,,V,V,N
168,MX,2003,24,N,4,07/04/2003,27/10/2003,V,V,N
,MY,2003,32,P,0,,,V,V,N
,MZ,2003,8,P,0,,,V,V,S
165,NC,2003,44,P,0,,,V,V,S
,NE,2003,4,P,0,,,V,V,N
,NF,2003,46,P,0,,,V,V,S
,NG,2003,4,P,0,,,V,V,N
082,NL,2003,4,P,4,30/03/2003,26/10/2003,V,V,N
,NP,2003,23,P,0,,,V,V,N
,NR,2003,48,P,0,,,V,V,S
084,NZ,2003,48,P,4,05/10/2003,16/03/2003,V,V,S
,OM,2003,16,P,0,,,V,V,N
,PA,2003,20,N,0,,,V,V,N
086,PF,2003,38,N,0,,,V,V,S
087,PF,2003,40,N,0,,,V,V,S
088,PF,2003,36,N,0,,,V,V,S
,PG,2003,40,P,0,,,V,V,S
163,PK,2003,20,P,0,,,V,V,N
089,PL,2003,4,P,4,31/03/2003,27/10/2003,V,V,N
090,PM,2003,12,N,4,07/04/2003,27/10/2003,V,V,N
,PR,2003,16,N,0,,,V,V,N
190,PS,2003,8,P,4,28/03/2003,26/09/2003,V,V,N
092,PT,2003,0,P,4,31/03/2003,27/10/2003,V,V,N
,PW,2003,36,P,0,,,V,V,S
093,PY,2003,16,N,4,20/10/2003,10/03/2003,V,V,S
,QA,2003,12,P,0,,,V,V,N
094,RO,2003,8,P,4,31/03/2003,27/10/2003,V,V,N
189,RS,2003,4,P,4,31/03/2003,27/10/2003,V,V,N
130,RU,2003,12,P,4,30/03/2003,26/10/2003,V,V,N
140,RU,2003,16,P,4,30/03/2003,26/10/2003,V,V,N
141,RU,2003,20,P,4,30/03/2003,26/10/2003,V,V,N
142,RU,2003,24,P,4,30/03/2003,26/10/2003,V,V,N
143,RU,2003,28,P,4,30/03/2003,26/10/2003,V,V,N
144,RU,2003,32,P,4,30/03/2003,26/10/2003,V,V,N
145,RU,2003,36,P,4,30/03/2003,26/10/2003,V,V,N
146,RU,2003,40,P,4,30/03/2003,26/10/2003,V,V,N
147,RU,2003,44,P,4,30/03/2003,26/10/2003,V,V,N
148,RU,2003,48,P,4,30/03/2003,26/10/2003,V,V,N
160,RU,2003,8,P,4,31/03/2003,27/10/2003,V,V,N
,RW,2003,8,P,0,,,V,V,S
,SA,2003,12,P,0,,,V,V,N
,SB,2003,44,P,0,,,V,V,S
,SC,2003,16,P,0,,,V,V,S
172,SD,2003,12,P,0,,,V,V,N
,SD,2003,12,P,0,,,V,V,N
095,SE,2003,4,P,4,31/03/2003,27/10/2003,V,V,N
,SG,2003,32,P,0,,,V,V,N
,SH,2003,0,P,0,,,V,V,S
153,SI,2003,4,P,4,31/03/2003,27/10/2003,V,V,N
156,SK,2003,4,P,4,31/03/2003,27/10/2003,V,V,N
,SL,2003,0,P,0,,,V,V,N
096,SM,2003,4,P,4,31/03/2003,27/10/2003,V,V,N
,SN,2003,0,P,0,,,V,V,N
,SO,2003,12,P,0,,,V,V,N
,SR,2003,12,N,0,,,V,V,N
,ST,2003,0,P,0,,,V,V,N
,SV,2003,24,N,0,,,V,V,N
098,SY,2003,8,P,4,01/04/2003,01/10/2003,V,V,N
,SZ,2003,8,P,0,,,V,V,S
099,TC,2003,20,N,4,07/04/2003,27/10/2003,V,V,N
,TD,2003,4,P,0,,,V,V,N
,TG,2003,0,P,0,,,V,V,N
,TH,2003,28,P,0,,,V,V,N
136,TJ,2003,20,P,0,,,V,V,N
,TL,2003,36,P,0,,,V,V,S
137,TM,2003,20,P,0,,,V,V,N
100,TN,2003,4,P,4,31/03/2003,27/10/2003,V,V,N
173,TO,2003,52,P,0,,,V,V,S
101,TR,2003,8,P,4,31/03/2003,27/10/2003,V,V,N
,TT,2003,16,N,0,,,V,V,N
,TV,2003,48,P,0,,,V,V,N
,TW,2003,32,P,0,,,V,V,N
,TZ,2003,12,P,0,,,V,V,S
127,UA,2003,8,P,4,31/03/2003,27/10/2003,V,V,N
,UG,2003,12,P,0,,,V,V,N
102,UM,2003,40,N,0,,,V,V,S
103,UM,2003,44,N,0,,,V,V,S
104,UM,2003,48,N,0,,,V,V,S
105,US,2003,20,N,4,06/04/2003,26/10/2003,V,V,N
107,US,2003,24,N,4,06/04/2003 08:00:00,26/10/2003 07:00:00,V,V,N
108,US,2003,28,N,4,10/03/2003,03/11/2003,V,V,N
109,US,2003,28,N,0,,,V,V,N
110,US,2003,32,N,4,10/03/2003,03/11/2003,V,V,N
111,US,2003,36,N,4,10/03/2003,03/11/2003,V,V,N
112,US,2003,40,N,4,10/03/2003,03/11/2003,V,V,N
113,US,2003,40,N,0,,,V,V,N
114,UY,2003,12,N,4,06/10/2003,10/03/2003,V,V,S
138,UZ,2003,20,P,0,,,V,V,N
,VC,2003,16,N,0,,,V,V,N
,VE,2003,16,N,0,,,V,V,N
,VG,2003,16,N,0,,,V,V,N
,VI,2003,16,N,0,,,V,V,N
,VN,2003,28,P,0,,,V,V,N
115,VU,2003,44,P,0,,,V,V,S
,WF,2003,48,P,0,,,V,V,S
,WS,2003,44,N,0,,,V,V,S
,YE,2003,12,P,0,,,V,V,N
,YT,2003,12,P,0,,,V,V,S
,ZA,2003,8,P,0,,,V,V,S
,ZM,2003,8,P,0,,,V,V,S
,ZW,2003,8,P,0,,,V,V,S
,ZZ,2003,0,P,0,,,V,V,N
006,AU,2004,42,P,2,01/01/2005,28/03/2004,U,V,S
007,AU,2004,40,P,4,25/10/2004,27/03/2005,U,V,S
008,AU,2004,40,P,4,01/01/2005,28/03/2004,U,V,S
009,AU,2004,38,P,4,01/01/2005,28/03/2004,U,V,S
010,AU,2004,38,P,0,,,V,V,S
011,AU,2004,32,P,4,01/01/2005,28/03/2004,U,V,S
131,AU,2004,40,P,0,,,V,V,S
015,BR,2004,12,N,4,01/01/2005,16/02/2004,U,V,S
016,BR,2004,12,N,0,,,V,V,S
017,BR,2004,16,N,4,01/01/2005,16/02/2004,U,V,S
018,BR,2004,16,N,0,,,V,V,S
019,BR,2004,20,N,0,,,V,V,S
020,BR,2004,8,N,0,,,V,V,S
033,CL,2004,16,N,4,01/01/2005,15/03/2004,U,V,S
034,CL,2004,24,N,4,01/01/2005,15/03/2004,U,V,S
048,FK,2004,16,N,4,01/01/2005,19/04/2004,U,V,S
004,NA,2004,4,P,4,01/01/2005,05/04/2004,U,V,S
084,NZ,2004,48,P,4,01/01/2005,14/03/2004,U,V,S
085,NZ,2004,51,P,4,01/01/2005,14/03/2004,U,V,S
093,PY,2004,16,N,4,01/01/2005,08/03/2004,U,V,S
049,FM,2004,40,P,0,,,V,V,S
170,GE,2004,16,P,0,,,V,V,N
,GH,2004,0,P,0,,,V,V,N
055,GL,2004,12,N,4,29/03/2004,25/10/2004,V,V,N
,GP,2004,16,N,0,,,V,V,N
,GQ,2004,4,P,0,,,V,V,N
058,GR,2004,8,P,4,29/03/2004,25/10/2004,V,V,N
,GY,2004,16,N,0,,,V,V,N
152,HR,2004,4,P,4,29/03/2004,25/10/2004,V,V,N
062,ID,2004,32,P,0,,,V,V,S
066,IQ,2004,12,P,4,01/04/2004,30/10/2004,V,V,N
,JP,2004,36,P,0,,,V,V,N
,MP,2004,40,P,0,,,V,V,N
,MQ,2004,16,N,0,,,V,V,N
,MS,2004,16,N,0,,,V,V,N
,MV,2004,20,P,0,,,V,V,N
168,MX,2004,24,N,4,05/04/2004,25/10/2004,V,V,N
,NF,2004,46,P,0,,,V,V,S
,NU,2004,44,N,0,,,V,V,S
086,PF,2004,38,N,0,,,V,V,S
088,PF,2004,36,N,0,,,V,V,S
163,PK,2004,20,P,0,,,V,V,N
,PR,2004,16,N,0,,,V,V,N
158,PT,2004,4,N,4,29/03/2004,25/10/2004,V,V,N
094,RO,2004,8,P,4,29/03/2004,25/10/2004,V,V,N
114,UY,2004,12,N,4,01/01/2005,08/03/2004,U,V,S
001,AD,2004,4,P,4,29/03/2004,25/10/2004,V,V,N
,AE,2004,16,P,0,,,V,V,N
,AF,2004,18,P,0,,,V,V,N
,AG,2004,16,N,0,,,V,V,N
130,RU,2005,12,P,4,26/03/2005 23:00:00,29/10/2005 23:00:00,V,V,N
130,RU,2006,12,P,4,25/03/2006 23:00:00,28/10/2006 23:00:00,V,V,N
140,RU,2005,16,P,4,26/03/2005 22:00:00,29/10/2005 22:00:00,V,V,N
140,RU,2006,16,P,4,25/03/2006 22:00:00,28/10/2006 22:00:00,V,V,N
141,RU,2005,20,P,4,26/03/2005 21:00:00,29/10/2005 21:00:00,V,V,N
141,RU,2006,20,P,4,25/03/2006 21:00:00,28/10/2006 21:00:00,V,V,N
142,RU,2005,24,P,4,26/03/2005 20:00:00,29/10/2005 20:00:00,V,V,N
142,RU,2006,24,P,4,25/03/2006 20:00:00,28/10/2006 20:00:00,V,V,N
143,RU,2005,28,P,4,26/03/2005 19:00:00,29/10/2005 19:00:00,V,V,N
143,RU,2006,28,P,4,25/03/2006 19:00:00,28/10/2006 19:00:00,V,V,N
144,RU,2005,32,P,4,26/03/2005 18:00:00,29/10/2005 18:00:00,V,V,N
144,RU,2006,32,P,4,25/03/2006 18:00:00,28/10/2006 18:00:00,V,V,N
145,RU,2005,36,P,4,26/03/2005 17:00:00,29/10/2005 17:00:00,V,V,N
145,RU,2006,36,P,4,25/03/2006 17:00:00,28/10/2006 17:00:00,V,V,N
146,RU,2005,40,P,4,26/03/2005 16:00:00,29/10/2005 16:00:00,V,V,N
146,RU,2006,40,P,4,25/03/2006 16:00:00,28/10/2006 16:00:00,V,V,N
147,RU,2005,44,P,4,26/03/2005 15:00:00,29/10/2005 15:00:00,V,V,N
147,RU,2006,44,P,4,25/03/2006 15:00:00,28/10/2006 15:00:00,V,V,N
148,RU,2005,48,P,4,26/03/2005 14:00:00,29/10/2005 14:00:00,V,V,N
148,RU,2006,48,P,4,25/03/2006 14:00:00,28/10/2006 14:00:00,V,V,N
160,RU,2005,8,P,4,27/03/2005,30/10/2005,V,V,N
160,RU,2006,8,P,4,26/03/2006,29/10/2006,V,V,N
,RW,2005,8,P,0,,,V,V,S
,RW,2006,8,P,0,,,V,V,S
,SA,2005,12,P,0,,,V,V,N
,SA,2006,12,P,0,,,V,V,N
,SB,2005,44,P,0,,,V,V,S
,SB,2006,44,P,0,,,V,V,S
,SC,2005,16,P,0,,,V,V,S
,SC,2006,16,P,0,,,V,V,S
172,SD,2005,12,P,0,,,V,V,N
172,SD,2006,12,P,0,,,V,V,N
,SD,2005,12,P,0,,,V,V,N
,SD,2006,12,P,0,,,V,V,N
095,SE,2005,4,P,4,27/03/2005 01:00:00,30/10/2005 01:00:00,V,V,N
095,SE,2006,4,P,4,26/03/2006 01:00:00,29/10/2006 01:00:00,V,V,N
,SG,2005,32,P,0,,,V,V,N
,SG,2006,32,P,0,,,V,V,N
,SH,2005,0,P,0,,,V,V,S
,SH,2006,0,P,0,,,V,V,S
153,SI,2005,4,P,4,27/03/2005 01:00:00,30/10/2005 01:00:00,V,V,N
153,SI,2006,4,P,4,26/03/2006 01:00:00,29/10/2006 01:00:00,V,V,N
156,SK,2005,4,P,4,27/03/2005 01:00:00,30/10/2005 01:00:00,V,V,N
156,SK,2006,4,P,4,26/03/2006 01:00:00,29/10/2006 01:00:00,V,V,N
,SL,2005,0,P,0,,,V,V,N
,SL,2006,0,P,0,,,V,V,N
096,SM,2005,4,P,4,27/03/2005 01:00:00,30/10/2005 01:00:00,V,V,N
096,SM,2006,4,P,4,26/03/2006 01:00:00,29/10/2006 01:00:00,V,V,N
,SN,2005,0,P,0,,,V,V,N
,SN,2006,0,P,0,,,V,V,N
,SO,2005,12,P,0,,,V,V,N
,SO,2006,12,P,0,,,V,V,N
,SR,2005,12,N,0,,,V,V,N
,SR,2006,12,N,0,,,V,V,N
,ST,2005,0,P,0,,,V,V,N
,ST,2006,0,P,0,,,V,V,N
,SV,2005,24,N,0,,,V,V,N
,SV,2006,24,N,0,,,V,V,N
098,SY,2005,8,P,4,31/03/2005 22:00:00,30/09/2005 21:00:00,V,V,N
098,SY,2006,8,P,4,31/03/2006 22:00:00,30/09/2006 21:00:00,V,V,N
,SZ,2005,8,P,0,,,V,V,S
,SZ,2006,8,P,0,,,V,V,S
099,TC,2005,20,N,4,03/04/2005 05:00:00,30/10/2005 04:00:00,V,V,N
099,TC,2006,20,N,4,02/04/2006 05:00:00,29/10/2006 04:00:00,V,V,N
,TD,2005,4,P,0,,,V,V,N
,TD,2006,4,P,0,,,V,V,N
,TG,2005,0,P,0,,,V,V,N
,TG,2006,0,P,0,,,V,V,N
,TH,2005,28,P,0,,,V,V,N
,TH,2006,28,P,0,,,V,V,N
136,TJ,2005,20,P,0,,,V,V,N
136,TJ,2006,20,P,0,,,V,V,N
,TL,2005,36,P,0,,,V,V,S
,TL,2006,36,P,0,,,V,V,S
137,TM,2005,20,P,0,,,V,V,N
137,TM,2006,20,P,0,,,V,V,N
100,TN,2005,4,P,4,27/03/2005 01:00:00,30/10/2005 01:00:00,V,V,N
100,TN,2006,4,P,4,26/03/2006 01:00:00,29/10/2006 01:00:00,V,V,N
173,TO,2005,52,P,0,,,V,V,S
173,TO,2006,52,P,0,,,V,V,S
101,TR,2005,8,P,4,27/03/2005 01:00:00,30/10/2005 01:00:00,V,V,N
101,TR,2006,8,P,4,26/03/2006 01:00:00,29/10/2006 01:00:00,V,V,N
,TT,2005,16,N,0,,,V,V,N
,TT,2006,16,N,0,,,V,V,N
,TV,2005,48,P,0,,,V,V,N
,TV,2006,48,P,0,,,V,V,N
,TW,2005,32,P,0,,,V,V,N
,TW,2006,32,P,0,,,V,V,N
,TZ,2005,12,P,0,,,V,V,S
,TZ,2006,12,P,0,,,V,V,S
127,UA,2005,8,P,4,27/03/2005 01:00:00,30/10/2005 01:00:00,V,V,N
127,UA,2006,8,P,4,26/03/2006 01:00:00,29/10/2006 01:00:00,V,V,N
,UG,2005,12,P,0,,,V,V,N
,UG,2006,12,P,0,,,V,V,N
102,UM,2005,40,N,0,,,V,V,S
102,UM,2006,40,N,0,,,V,V,S
103,UM,2005,44,N,0,,,V,V,S
103,UM,2006,44,N,0,,,V,V,S
104,UM,2005,48,N,0,,,V,V,S
104,UM,2006,48,N,0,,,V,V,S
105,US,2005,20,N,4,03/04/2005 07:00:00,30/10/2005 06:00:00,V,V,N
105,US,2006,20,N,4,02/04/2006 07:00:00,29/10/2006 06:00:00,V,V,N
107,US,2005,24,N,4,03/04/2005 08:00:00,30/10/2005 07:00:00,V,V,N
107,US,2006,24,N,4,02/04/2006 08:00:00,29/10/2006 07:00:00,V,V,N
108,US,2005,28,N,4,03/04/2005 09:00:00,30/10/2005 08:00:00,V,V,N
108,US,2006,28,N,4,02/04/2006 09:00:00,29/10/2006 08:00:00,V,V,N
109,US,2005,28,N,0,,,V,V,N
109,US,2006,28,N,0,,,V,V,N
110,US,2005,32,N,4,03/04/2005 10:00:00,30/10/2005 09:00:00,V,V,N
110,US,2006,32,N,4,02/04/2006 10:00:00,29/10/2006 09:00:00,V,V,N
111,US,2005,36,N,4,03/04/2005 11:00:00,30/10/2005 10:00:00,V,V,N
111,US,2006,36,N,4,02/04/2006 11:00:00,29/10/2006 10:00:00,V,V,N
112,US,2005,40,N,4,03/04/2005 12:00:00,30/10/2005 11:00:00,V,V,N
112,US,2006,40,N,4,02/04/2006 12:00:00,29/10/2006 11:00:00,V,V,N
113,US,2005,40,N,0,,,V,V,N
113,US,2006,40,N,0,,,V,V,N
114,UY,2005,12,N,4,09/10/2005 05:00:00,13/03/2005 04:00:00,V,V,S
114,UY,2006,12,N,4,08/10/2006 05:00:00,12/03/2006 04:00:00,V,V,S
138,UZ,2005,20,P,0,,,V,V,N
138,UZ,2006,20,P,0,,,V,V,N
,VC,2005,16,N,0,,,V,V,N
,VC,2006,16,N,0,,,V,V,N
,VE,2005,16,N,0,,,V,V,N
,VE,2006,16,N,0,,,V,V,N
,VG,2005,16,N,0,,,V,V,N
,VG,2006,16,N,0,,,V,V,N
,VI,2005,16,N,0,,,V,V,N
,VI,2006,16,N,0,,,V,V,N
,VN,2005,28,P,0,,,V,V,N
,VN,2006,28,P,0,,,V,V,N
115,VU,2005,44,P,0,,,V,V,S
115,VU,2006,44,P,0,,,V,V,S
,WF,2005,48,P,0,,,V,V,S
,WF,2006,48,P,0,,,V,V,S
,WS,2005,44,N,0,,,V,V,S
,WS,2006,44,N,0,,,V,V,S
,YE,2005,12,P,0,,,V,V,N
001,AD,2009,4,P,4,29/03/2009 01:00:00,25/10/2009 01:00:00,V,V,N
,AE,2009,16,P,0,,,V,V,N
,AF,2009,18,P,0,,,V,V,N
,AI,2009,16,N,0,,,V,V,N
002,AL,2009,4,P,4,29/03/2009 01:00:00,25/10/2009 01:00:00,V,V,N
151,AM,2009,16,P,4,28/03/2009 22:00:00,24/10/2009 22:00:00,V,V,N
,AO,2009,4,P,0,,,V,V,S
003,AR,2009,12,N,0,,,V,V,S
,AS,2009,44,N,0,,,V,V,S
007,AU,2007,40,P,4,27/10/2007 16:00:00,24/03/2007 16:00:00,V,V,S
007,AU,2008,40,P,4,25/10/2008 16:00:00,29/03/2008 16:00:00,V,V,S
,AW,2009,16,N,0,,,V,V,N
150,AZ,2009,16,P,4,29/03/2009,24/10/2009,V,V,N
154,BA,2009,4,P,4,29/03/2009 01:00:00,25/10/2009 01:00:00,V,V,N
,BB,2009,16,N,0,,,V,V,N
012,BE,2009,4,P,4,29/03/2009 01:00:00,25/10/2009 01:00:00,V,V,N
,BF,2009,0,P,0,,,V,V,N
,BH,2009,12,P,0,,,V,V,N
,BI,2009,8,P,0,,,V,V,S
,BJ,2009,4,P,0,,,V,V,N
014,BM,2009,16,N,4,08/03/2009 06:00:00,01/11/2009 05:00:00,V,V,N
,BN,2009,32,P,0,,,V,V,N
021,BS,2009,20,N,4,08/03/2009 07:00:00,01/11/2009 06:00:00,V,V,N
,BT,2009,24,P,0,,,V,V,N
129,BY,2009,8,P,4,29/03/2009,25/10/2009,V,V,N
,BZ,2009,24,N,0,,,V,V,N
022,CA,2009,14,N,4,08/03/2009 05:30:00,01/11/2009 04:30:00,V,V,N
024,CA,2009,16,N,0,,,V,V,N
025,CA,2009,20,N,4,09/03/2008 07:00:00,02/11/2008 06:00:00,V,V,N
026,CA,2009,20,N,0,,,V,V,N
027,CA,2009,24,N,4,08/03/2009 08:00:00,01/11/2009 07:00:00,V,V,N
028,CA,2009,24,N,0,,,V,V,N
029,CA,2009,28,N,4,08/03/2009 09:00:00,01/11/2009 08:00:00,V,V,N
031,CA,2009,32,N,4,08/03/2009 10:00:00,01/11/2009 09:00:00,V,V,N
,CC,2009,26,P,0,,,V,V,S
167,CD,2009,8,P,0,,,V,V,N
,CF,2009,4,P,0,,,V,V,N
032,CH,2009,4,P,4,29/03/2009 01:00:00,25/10/2009 01:00:00,V,V,N
,CI,2009,0,P,0,,,V,V,N
,CM,2009,4,P,0,,,V,V,N
035,CN,2009,32,P,0,,,V,V,N
036,CR,2007,24,N,0,,,V,V,N
036,CR,2008,24,N,0,,,V,V,N
038,CU,2009,20,N,4,29/03/2009 05:00:00,25/10/2009 05:00:00,V,V,N
,CV,2009,4,N,0,,,V,V,N
,CX,2009,28,P,0,,,V,V,S
037,CZ,2009,4,P,4,29/03/2009 01:00:00,25/10/2009 01:00:00,V,V,N
040,DE,2007,4,P,4,25/03/2007 01:00:00,28/10/2007 01:00:00,V,V,N
040,DE,2008,4,P,4,30/03/2008 01:00:00,26/10/2008 01:00:00,V,V,N
040,DE,2009,4,P,4,29/03/2009 01:00:00,25/10/2009 01:00:00,V,V,N
,DJ,2009,12,P,0,,,V,V,N
041,DK,2009,4,P,4,29/03/2009 01:00:00,25/10/2009 01:00:00,V,V,N
174,DO,2009,16,N,0,,,V,V,N
001,AD,2007,4,P,4,25/03/2007 01:00:00,28/10/2007 02:00:00,V,V,N
001,AD,2008,4,P,4,30/03/2008 01:00:00,26/10/2008 01:00:00,V,V,N
,AE,2007,16,P,0,,,V,V,N
,AF,2008,18,P,0,,,V,V,N
,AG,2007,16,N,0,,,V,V,N
,AG,2008,16,N,0,,,V,V,N
,AI,2007,16,N,0,,,V,V,N
,AI,2008,16,N,0,,,V,V,N
002,AL,2007,4,P,4,25/03/2007 01:00:00,28/10/2007 01:00:00,V,V,N
002,AL,2008,4,P,4,30/03/2008 01:00:00,26/10/2008 01:00:00,V,V,N
151,AM,2007,16,P,4,24/03/2007 22:00:00,27/10/2007 22:00:00,V,V,N
151,AM,2008,16,P,4,29/03/2008 22:00:00,25/10/2008 22:00:00,V,V,N
,AN,2007,16,N,0,,,V,V,N
,AN,2008,16,N,0,,,V,V,N
,AO,2007,4,P,0,,,V,V,S
,AO,2008,4,P,0,,,V,V,S
,AQ,2007,0,P,0,,,V,V,S
,AQ,2008,0,P,0,,,V,V,S
003,AR,2007,12,N,0,,,V,V,S
,AS,2008,44,N,0,,,V,V,S
005,AT,2007,4,P,4,25/03/2007 01:00:00,28/10/2007 01:00:00,V,V,N
005,AT,2008,4,P,4,30/03/2008 01:00:00,26/10/2008 01:00:00,V,V,N
006,AU,2007,42,P,2,27/10/2007 15:30:00,24/03/2007 15:00:00,V,V,S
006,AU,2008,42,P,2,25/10/2008 15:30:00,29/03/2008 15:00:00,V,V,S
006,AU,2009,42,P,2,01/01/2010,28/03/2009 15:00:00,U,V,S
007,AU,2009,40,P,4,01/01/2010,28/03/2009 16:00:00,U,V,S
008,AU,2007,40,P,4,06/10/2007 16:00:00,24/03/2007 16:00:00,V,V,S
008,AU,2008,40,P,4,04/10/2008 16:00:00,29/03/2008 16:00:00,V,V,S
008,AU,2009,40,P,4,01/01/2010,28/03/2009 16:00:00,U,V,S
009,AU,2007,38,P,4,27/10/2007 16:30:00,24/03/2007 16:30:00,V,V,S
009,AU,2008,38,P,4,25/10/2008 16:30:00,29/03/2008 16:30:00,V,V,S
009,AU,2009,38,P,4,01/01/2010,28/03/2009 16:30:00,U,V,S
010,AU,2007,38,P,0,,,V,V,S
010,AU,2008,38,P,0,,,V,V,S
010,AU,2009,38,P,0,,,V,V,S
011,AU,2007,32,P,4,27/10/2007 18:00:00,24/03/2007 18:00:00,V,V,S
011,AU,2008,32,P,4,25/10/2008 18:00:00,29/03/2008 18:00:00,V,V,S
131,AU,2007,40,P,0,,,V,V,S
131,AU,2008,40,P,0,,,V,V,S
131,AU,2009,40,P,0,,,V,V,S
,AW,2007,16,N,0,,,V,V,N
,AW,2008,16,N,0,,,V,V,N
150,AZ,2007,16,P,4,25/03/2007,28/10/2007,V,V,N
150,AZ,2008,16,P,4,30/03/2008,26/10/2008,V,V,N
154,BA,2007,4,P,4,25/03/2007 01:00:00,28/10/2007 01:00:00,V,V,N
154,BA,2008,4,P,4,30/03/2008 01:00:00,26/10/2008 01:00:00,V,V,N
,BB,2007,16,N,0,,,V,V,N
,BB,2008,16,N,0,,,V,V,N
,BD,2007,24,P,0,,,V,V,N
,BD,2008,24,P,0,,,V,V,N
012,BE,2007,4,P,4,25/03/2007 01:00:00,28/10/2007 01:00:00,V,V,N
012,BE,2008,4,P,4,30/03/2008 01:00:00,26/10/2008 01:00:00,V,V,N
,BF,2007,0,P,0,,,V,V,N
,BF,2008,0,P,0,,,V,V,N
013,BG,2008,8,P,4,30/03/2008 01:00:00,26/10/2008 01:00:00,V,V,N
,BH,2007,12,P,0,,,V,V,N
,BH,2008,12,P,0,,,V,V,N
,BI,2007,8,P,0,,,V,V,S
,BI,2008,8,P,0,,,V,V,S
,BJ,2007,4,P,0,,,V,V,N
,BJ,2008,4,P,0,,,V,V,N
014,BM,2007,16,N,4,11/03/2007 06:00:00,04/11/2007 05:00:00,V,V,N
014,BM,2008,16,N,4,09/03/2008 06:00:00,02/11/2008 05:00:00,V,V,N
,BN,2007,32,P,0,,,V,V,N
,BN,2008,32,P,0,,,V,V,N
,BO,2007,16,N,0,,,V,V,S
,BO,2008,16,N,0,,,V,V,S
015,BR,2007,12,N,4,14/10/2007 03:00:00,25/02/2007 02:00:00,V,V,S
015,BR,2008,12,N,4,19/10/2008 03:00:00,17/02/2008 02:00:00,V,V,S
015,BR,2009,12,N,4,01/01/2010,15/02/2009 02:00:00,U,V,S
016,BR,2007,12,N,0,,,V,V,S
017,BR,2007,16,N,4,14/10/2007 04:00:00,25/02/2007 03:00:00,V,V,S
017,BR,2008,16,N,4,19/10/2008 04:00:00,17/02/2008 03:00:00,V,V,S
017,BR,2009,16,N,4,01/01/2010,15/02/2009 03:00:00,U,V,S
018,BR,2007,16,N,0,,,V,V,S
018,BR,2008,16,N,0,,,V,V,S
018,BR,2009,16,N,0,,,V,V,S
019,BR,2007,20,N,0,,,V,V,S
019,BR,2008,20,N,0,,,V,V,S
019,BR,2009,20,N,0,,,V,V,S
020,BR,2007,8,N,0,,,V,V,S
020,BR,2008,8,N,0,,,V,V,S
020,BR,2009,8,N,0,,,V,V,S
021,BS,2007,20,N,4,11/03/2007 07:00:00,04/11/2007 06:00:00,V,V,N
021,BS,2008,20,N,4,09/03/2008 07:00:00,02/11/2008 06:00:00,V,V,N
,BT,2007,24,P,0,,,V,V,N
,BT,2008,24,P,0,,,V,V,N
,BW,2007,8,P,0,,,V,V,S
,BW,2008,8,P,0,,,V,V,S
129,BY,2007,8,P,4,25/03/2007,28/10/2007,V,V,N
,BZ,2007,24,N,0,,,V,V,N
,BZ,2008,24,N,0,,,V,V,N
022,CA,2007,14,N,4,11/03/2007 05:30:00,04/11/2007 04:30:00,V,V,N
022,CA,2008,14,N,4,09/03/2008 05:30:00,02/11/2008 04:30:00,V,V,N
023,CA,2007,16,N,4,11/03/2007 06:00:00,04/11/2007 05:00:00,V,V,N
023,CA,2008,16,N,4,09/03/2008 06:00:00,02/11/2008 05:00:00,V,V,N
024,CA,2007,16,N,0,,,V,V,N
024,CA,2008,16,N,0,,,V,V,N
025,CA,2007,20,N,4,11/03/2007 07:00:00,04/11/2007 06:00:00,V,V,N
025,CA,2008,20,N,4,09/03/2008 07:00:00,02/11/2008 06:00:00,V,V,N
026,CA,2007,20,N,0,,,V,V,N
026,CA,2008,20,N,0,,,V,V,N
027,CA,2007,24,N,4,11/03/2007 08:00:00,04/11/2007 07:00:00,V,V,N
027,CA,2008,24,N,4,09/03/2008 08:00:00,02/11/2008 07:00:00,V,V,N
028,CA,2007,24,N,0,,,V,V,N
028,CA,2008,24,N,0,,,V,V,N
029,CA,2007,28,N,4,11/03/2007 09:00:00,04/11/2007 08:00:00,V,V,N
030,CA,2007,28,N,0,,,V,V,N
030,CA,2008,28,N,0,,,V,V,N
031,CA,2007,32,N,4,11/03/2007 10:00:00,04/11/2007 09:00:00,V,V,N
031,CA,2008,32,N,4,09/03/2008 10:00:00,02/11/2008 09:00:00,V,V,N
,CC,2007,26,P,0,,,V,V,S
,CC,2008,26,P,0,,,V,V,S
166,CD,2007,4,P,0,,,V,V,N
166,CD,2008,4,P,0,,,V,V,N
167,CD,2007,8,P,0,,,V,V,N
167,CD,2008,8,P,0,,,V,V,N
,CF,2007,4,P,0,,,V,V,N
,CF,2008,4,P,0,,,V,V,N
,CG,2007,4,P,0,,,V,V,N
,CG,2008,4,P,0,,,V,V,N
032,CH,2007,4,P,4,25/03/2007 01:00:00,28/10/2007 01:00:00,V,V,N
032,CH,2008,4,P,4,30/03/2008 01:00:00,26/10/2008 01:00:00,V,V,N
,CI,2007,0,P,0,,,V,V,N
,CK,2008,40,N,0,,,V,V,S
033,CL,2007,16,N,4,14/10/2007 04:00:00,11/03/2007 03:00:00,V,V,S
033,CL,2008,16,N,4,12/10/2008 04:00:00,09/03/2008 03:00:00,V,V,S
033,CL,2009,16,N,4,01/01/2010,15/03/2009 03:00:00,U,V,S
034,CL,2007,24,N,4,14/10/2007 06:00:00,11/03/2007 05:00:00,V,V,S
034,CL,2008,24,N,4,12/10/2008 06:00:00,09/03/2008 05:00:00,V,V,S
034,CL,2009,24,N,4,01/01/2010,15/03/2009 05:00:00,U,V,S
,CM,2007,4,P,0,,,V,V,N
,CM,2008,4,P,0,,,V,V,N
035,CN,2007,32,P,0,,,V,V,N
035,CN,2008,32,P,0,,,V,V,N
132,CO,2007,20,N,0,,,V,V,N
132,CO,2008,20,N,0,,,V,V,N
038,CU,2007,20,N,4,25/03/2007 05:00:00,28/10/2007 05:00:00,V,V,N
038,CU,2008,20,N,4,30/03/2008 05:00:00,26/10/2008 05:00:00,V,V,N
,CX,2007,28,P,0,,,V,V,S
,CX,2008,28,P,0,,,V,V,S
039,CY,2007,8,P,4,25/03/2007 01:00:00,28/10/2007 01:00:00,V,V,N
039,CY,2008,8,P,4,30/03/2008 01:00:00,26/10/2008 01:00:00,V,V,N
037,CZ,2007,4,P,4,25/03/2007 01:00:00,28/10/2007 01:00:00,V,V,N
037,CZ,2008,4,P,4,30/03/2008 01:00:00,26/10/2008 01:00:00,V,V,N
,DJ,2007,12,P,0,,,V,V,N
,DJ,2008,12,P,0,,,V,V,N
041,DK,2007,4,P,4,25/03/2007 01:00:00,28/10/2007 01:00:00,V,V,N
041,DK,2008,4,P,4,30/03/2008 01:00:00,26/10/2008 01:00:00,V,V,N
,DM,2007,16,N,0,,,V,V,N
,DM,2008,16,N,0,,,V,V,N
174,DO,2007,16,N,0,,,V,V,N
174,DO,2008,16,N,0,,,V,V,N
,DZ,2007,4,P,0,,,V,V,N
,DZ,2008,4,P,0,,,V,V,N
043,EC,2007,24,N,4,,,V,V,N
043,EC,2008,24,N,4,,,V,V,N
124,EE,2007,8,P,4,25/03/2007 01:00:00,28/10/2007 01:00:00,V,V,N
124,EE,2008,8,P,4,30/03/2008 01:00:00,26/10/2008 01:00:00,V,V,N
044,EG,2007,8,P,4,26/04/2007 22:00:00,06/09/2007 21:00:00,V,V,N
044,EG,2008,8,P,4,24/04/2008 22:00:00,25/09/2008 21:00:00,V,V,N
157,ER,2007,12,P,0,,,V,V,N
157,ER,2008,12,P,0,,,V,V,N
045,ES,2007,4,P,4,25/03/2007 01:00:00,28/10/2007 01:00:00,V,V,N
045,ES,2008,4,P,4,30/03/2008 01:00:00,26/10/2008 01:00:00,V,V,N
046,ES,2007,0,P,4,25/03/2007 02:00:00,28/10/2007 02:00:00,V,V,N
046,ES,2008,0,P,4,30/03/2008 02:00:00,26/10/2008 02:00:00,V,V,N
,ET,2007,12,P,0,,,V,V,N
,ET,2008,12,P,0,,,V,V,N
047,FI,2007,8,P,4,25/03/2007 01:00:00,28/10/2007 01:00:00,V,V,N
047,FI,2008,8,P,4,30/03/2008 01:00:00,26/10/2008 01:00:00,V,V,N
169,FJ,2007,48,P,0,,,V,V,S
169,FJ,2008,48,P,0,,,V,V,S
048,FK,2007,16,N,4,02/09/2007 06:00:00,15/04/2007 05:00:00,V,V,S
048,FK,2008,16,N,4,07/09/2008 06:00:00,20/04/2008 05:00:00,V,V,S
049,FM,2007,40,P,0,,,V,V,S
049,FM,2008,40,P,0,,,V,V,S
050,FM,2007,44,P,0,,,V,V,S
050,FM,2008,44,P,0,,,V,V,S
051,FO,2007,0,P,4,25/03/2007 01:00:00,28/10/2007 01:00:00,V,V,N
051,FO,2008,0,P,4,30/03/2008 01:00:00,26/10/2008 01:00:00,V,V,N
,GA,2007,4,P,0,,,V,V,N
,GA,2008,4,P,0,,,V,V,N
,GD,2007,16,N,0,,,V,V,N
,GD,2008,16,N,0,,,V,V,N
170,GE,2007,16,P,0,,,V,V,N
170,GE,2008,16,P,0,,,V,V,N
,GF,2007,12,N,0,,,V,V,N
,GF,2008,12,N,0,,,V,V,N
,GH,2007,0,P,0,,,V,V,N
,GH,2008,0,P,0,,,V,V,N
054,GI,2007,4,P,4,25/03/2007 01:00:00,28/10/2007 01:00:00,V,V,N
055,GL,2007,12,N,4,25/03/2007 01:00:00,27/10/2007 01:00:00,V,V,N
055,GL,2008,12,N,4,30/03/2008 01:00:00,25/10/2008 01:00:00,V,V,N
056,GL,2007,16,N,4,01/04/2007 06:00:00,28/10/2007 05:00:00,V,V,N
056,GL,2008,16,N,4,06/04/2008 06:00:00,26/10/2008 05:00:00,V,V,N
057,GL,2007,4,N,4,25/03/2007 01:00:00,28/10/2007 01:00:00,V,V,N
057,GL,2008,4,N,4,30/03/2008 01:00:00,26/10/2008 01:00:00,V,V,N
,GM,2007,0,P,0,,,V,V,N
,GM,2008,0,P,0,,,V,V,N
,GN,2007,0,P,0,,,V,V,N
,GN,2008,0,P,0,,,V,V,N
,GP,2007,16,N,0,,,V,V,N
,GP,2008,16,N,0,,,V,V,N
,GQ,2007,4,P,0,,,V,V,N
,GQ,2008,4,P,0,,,V,V,N
058,GR,2007,8,P,4,25/03/2007 01:00:00,28/10/2007 01:00:00,V,V,N
058,GR,2008,8,P,4,30/03/2008 01:00:00,26/10/2008 01:00:00,V,V,N
119,GT,2008,24,N,0,,,V,V,N
,GW,2007,0,P,0,,,V,V,N
,YT,2006,12,P,0,,,V,V,S
,YE,2006,12,P,0,,,V,V,N
,ZA,2005,8,P,0,,,V,V,S
,ZA,2006,8,P,0,,,V,V,S
,ZM,2005,8,P,0,,,V,V,S
,ZM,2006,8,P,0,,,V,V,S
,ZW,2005,8,P,0,,,V,V,S
,ZW,2006,8,P,0,,,V,V,S
,ZZ,2005,0,P,0,,,V,V,N
,ZZ,2006,0,P,0,,,V,V,N
,AI,2004,16,N,0,,,V,V,N
002,AL,2004,4,P,4,29/03/2004,25/10/2004,V,V,N
151,AM,2004,16,P,4,28/03/2004,24/10/2004,V,V,N
,AN,2004,16,N,0,,,V,V,N
,AO,2004,4,P,0,,,V,V,S
,AQ,2004,0,P,0,,,V,V,S
003,AR,2004,12,N,0,,,V,V,S
,AS,2004,44,N,0,,,V,V,S
005,AT,2004,4,P,4,29/03/2004,25/10/2004,V,V,N
,AW,2004,16,N,0,,,V,V,N
150,AZ,2004,16,P,4,29/03/2004,24/10/2004,V,V,N
154,BA,2004,4,P,4,29/03/2004,25/10/2004,V,V,N
,BB,2004,16,N,0,,,V,V,N
,BD,2004,24,P,0,,,V,V,N
012,BE,2004,4,P,4,29/03/2004,25/10/2004,V,V,N
,BF,2004,0,P,0,,,V,V,N
013,BG,2004,8,P,4,29/03/2004,25/10/2004,V,V,N
,BH,2004,12,P,0,,,V,V,N
,BI,2004,8,P,0,,,V,V,S
,BJ,2004,4,P,0,,,V,V,N
014,BM,2004,16,N,4,08/03/2004,01/11/2004,V,V,N
,BN,2004,32,P,0,,,V,V,N
,BO,2004,16,N,0,,,V,V,S
021,BS,2004,20,N,4,08/03/2004,01/11/2004,V,V,N
,BT,2004,24,P,0,,,V,V,N
,BW,2004,8,P,0,,,V,V,S
129,BY,2004,8,P,4,29/03/2004,25/10/2004,V,V,N
,BZ,2004,24,N,0,,,V,V,N
022,CA,2004,14,N,4,08/03/2004,01/11/2004,V,V,N
023,CA,2004,16,N,4,08/03/2004,01/11/2004,V,V,N
024,CA,2004,16,N,0,,,V,V,N
025,CA,2004,20,N,4,10/03/2003,03/11/2003,V,V,N
026,CA,2004,20,N,0,,,V,V,N
027,CA,2004,24,N,4,08/03/2004,01/11/2004,V,V,N
028,CA,2004,24,N,0,,,V,V,N
029,CA,2004,28,N,4,08/03/2004,01/11/2004,V,V,N
030,CA,2004,28,N,0,,,V,V,N
031,CA,2004,32,N,4,08/03/2004,01/11/2004,V,V,N
,CC,2004,26,P,0,,,V,V,S
166,CD,2004,4,P,0,,,V,V,N
167,CD,2004,8,P,0,,,V,V,N
,CF,2004,4,P,0,,,V,V,N
,CG,2004,4,P,0,,,V,V,N
032,CH,2004,4,P,4,29/03/2004,25/10/2004,V,V,N
,CI,2004,0,P,0,,,V,V,N
,CK,2004,40,N,0,,,V,V,S
,CM,2004,4,P,0,,,V,V,N
035,CN,2004,32,P,0,,,V,V,N
132,CO,2004,20,N,0,,,V,V,N
036,CR,2004,24,N,0,,,V,V,N
038,CU,2004,20,N,4,29/03/2004,25/10/2004,V,V,N
,CV,2004,4,N,0,,,V,V,N
,CX,2004,28,P,0,,,V,V,S
039,CY,2004,8,P,4,29/03/2004,25/10/2004,V,V,N
037,CZ,2004,4,P,4,29/03/2004,25/10/2004,V,V,N
040,DE,2004,4,P,4,29/03/2004,25/10/2004,V,V,N
,DJ,2004,12,P,0,,,V,V,N
041,DK,2004,4,P,4,29/03/2004,25/10/2004,V,V,N
,DM,2004,16,N,0,,,V,V,N
174,DO,2004,16,N,0,,,V,V,N
,DZ,2004,4,P,0,,,V,V,N
042,EC,2004,20,N,4,,,V,V,N
043,EC,2004,24,N,4,,,V,V,N
124,EE,2004,8,P,4,29/03/2004,25/10/2004,V,V,N
044,EG,2004,8,P,4,23/04/2004,17/09/2004,V,V,N
157,ER,2004,12,P,0,,,V,V,N
045,ES,2004,4,P,4,29/03/2004,25/10/2004,V,V,N
046,ES,2004,0,P,4,29/03/2004,25/10/2004,V,V,N
,ET,2004,12,P,0,,,V,V,N
047,FI,2004,8,P,4,29/03/2004,25/10/2004,V,V,N
169,FJ,2004,48,P,0,,,V,V,S
050,FM,2004,44,P,0,,,V,V,S
051,FO,2004,0,P,4,29/03/2004,25/10/2004,V,V,N
,GA,2004,4,P,0,,,V,V,N
,GD,2004,16,N,0,,,V,V,N
,GF,2004,12,N,0,,,V,V,N
054,GI,2004,4,P,4,29/03/2004,25/10/2004,V,V,N
056,GL,2004,16,N,4,25/04/2004,27/10/2003,V,V,N
057,GL,2004,4,N,4,29/03/2004,25/10/2004,V,V,N
,GM,2004,0,P,0,,,V,V,N
,GN,2004,0,P,0,,,V,V,N
119,GT,2004,24,N,0,,,V,V,N
,GU,2004,40,P,0,,,V,V,N
,GW,2004,0,P,0,,,V,V,N
,HK,2004,32,P,0,,,V,V,N
,HN,2004,24,N,0,,,V,V,N
059,HT,2004,20,N,0,05/04/2004,25/10/2004,V,V,N
060,HU,2004,4,P,4,29/03/2004,25/10/2004,V,V,N
061,ID,2004,28,P,0,,,V,V,S
063,ID,2004,36,P,0,,,V,V,S
064,IE,2004,0,P,4,29/03/2004,25/10/2004,V,V,N
065,IL,2004,8,P,4,03/04/2004,26/09/2004,V,V,N
,IN,2004,22,P,0,,,V,V,N
120,IR,2004,14,P,0,,,V,V,N
,IS,2004,0,P,0,,,V,V,N
067,IT,2004,4,P,4,29/03/2004,25/10/2004,V,V,N
,JM,2004,20,N,0,,,V,V,N
068,JO,2004,8,P,4,26/03/2004,29/10/2004,V,V,N
,KE,2004,12,P,0,,,V,V,N
134,KG,2004,24,P,0,,,V,V,N
,KH,2004,28,P,0,,,V,V,N
069,KI,2004,48,P,0,,,V,V,S
070,KI,2004,56,P,0,,,V,V,S
071,KI,2004,52,P,0,,,V,V,S
,KM,2004,12,P,0,,,V,V,S
,KN,2004,16,N,0,,,V,V,N
,KP,2004,36,P,0,,,V,V,N
,KR,2004,36,P,0,,,V,V,N
,KW,2004,12,P,0,,,V,V,N
,KY,2004,20,N,0,,,V,V,N
133,KZ,2004,24,P,0,,,V,V,N
162,KZ,2004,20,P,0,,,V,V,N
164,KZ,2004,24,P,0,,,V,V,N
,LA,2004,28,P,0,,,V,V,N
072,LB,2004,8,P,4,28/03/2004,24/10/2004,V,V,N
,LC,2004,16,N,0,,,V,V,N
091,LI,2004,4,P,4,29/03/2004,25/10/2004,V,V,N
187,LK,2004,22,P,0,,,V,V,N
,LR,2004,0,P,0,,,V,V,N
,LS,2004,8,P,0,,,V,V,S
125,LT,2004,8,P,4,29/03/2004,26/10/2004,V,V,N
073,LU,2004,4,P,4,29/03/2004,25/10/2004,V,V,N
126,LV,2004,8,P,4,29/03/2004,25/10/2004,V,V,N
122,LY,2004,8,P,0,,,V,V,N
,MA,2004,0,P,0,,,V,V,N
074,MC,2004,4,P,4,30/03/2003,26/10/2003,V,V,N
135,MD,2004,8,P,4,29/03/2004,25/10/2004,V,V,N
188,ME,2004,4,P,4,29/03/2004,25/10/2004,V,V,N
,MG,2004,12,P,0,,,V,V,S
075,MH,2004,48,P,0,,,V,V,S
076,MH,2004,48,P,0,,,V,V,S
159,MK,2004,4,P,4,29/03/2004,25/10/2004,V,V,N
,ML,2004,0,P,0,,,V,V,N
,MM,2004,26,P,0,,,V,V,N
175,MN,2004,32,P,4,27/03/2004,25/09/2004,V,V,N
,MO,2004,32,P,0,,,V,V,N
,MR,2004,0,P,0,,,V,V,N
078,MT,2004,4,P,4,29/03/2004,25/10/2004,V,V,N
,MU,2004,16,P,0,,,V,V,N
,MW,2004,8,P,0,,,V,V,S
079,MX,2004,28,N,4,05/04/2004,25/10/2004,V,V,N
080,MX,2004,32,N,4,05/04/2004,25/10/2004,V,V,N
097,MX,2004,28,N,0,,,V,V,N
,MY,2004,32,P,0,,,V,V,N
,YT,2005,12,P,0,,,V,V,S
,MZ,2004,8,P,0,,,V,V,S
165,NC,2004,44,P,0,,,V,V,S
,NE,2004,4,P,0,,,V,V,N
,NG,2004,4,P,0,,,V,V,N
193,NI,2004,24,N,0,,,V,V,N
082,NL,2004,4,P,4,29/03/2004,25/10/2004,V,V,N
083,NO,2004,4,P,4,29/03/2004,25/10/2004,V,V,N
,NP,2004,23,P,0,,,V,V,N
,NR,2004,48,P,0,,,V,V,S
,OM,2004,16,P,0,,,V,V,N
,PA,2004,20,N,0,,,V,V,N
155,PE,2004,20,N,0,,,V,V,S
087,PF,2004,40,N,0,,,V,V,S
,PG,2004,40,P,0,,,V,V,S
,PH,2004,32,P,0,,,V,V,N
089,PL,2004,4,P,4,29/03/2004,25/10/2004,V,V,N
090,PM,2004,12,N,4,05/04/2004,25/10/2004,V,V,N
190,PS,2004,8,P,4,26/03/2004,24/09/2004,V,V,N
092,PT,2004,0,P,4,29/03/2004,25/10/2004,V,V,N
,PW,2004,36,P,0,,,V,V,S
,QA,2004,12,P,0,,,V,V,N
,RE,2004,16,P,0,,,V,V,S
189,RS,2004,4,P,4,29/03/2004,25/10/2004,V,V,N
130,RU,2004,12,P,4,28/03/2004,24/10/2004,V,V,N
140,RU,2004,16,P,4,28/03/2004,24/10/2004,V,V,N
141,RU,2004,20,P,4,28/03/2004,24/10/2004,V,V,N
142,RU,2004,24,P,4,28/03/2004,24/10/2004,V,V,N
143,RU,2004,28,P,4,29/03/2003,25/10/2003,V,V,N
,SH,2004,0,P,0,,,V,V,S
144,RU,2004,32,P,4,28/03/2004,24/10/2004,V,V,N
145,RU,2004,36,P,4,28/03/2004,24/10/2004,V,V,N
146,RU,2004,40,P,4,28/03/2004,24/10/2004,V,V,N
147,RU,2004,44,P,4,28/03/2004,24/10/2004,V,V,N
148,RU,2004,48,P,4,28/03/2004,25/10/2003,V,V,N
160,RU,2004,8,P,4,29/03/2004,25/10/2004,V,V,N
,RW,2004,8,P,0,,,V,V,S
,SA,2004,12,P,0,,,V,V,N
,SB,2004,44,P,0,,,V,V,S
,SC,2004,16,P,0,,,V,V,S
172,SD,2004,12,P,0,,,V,V,N
,SD,2004,12,P,0,,,V,V,N
095,SE,2004,4,P,4,29/03/2004,25/10/2004,V,V,N
,SG,2004,32,P,0,,,V,V,N
153,SI,2004,4,P,4,29/03/2004,25/10/2004,V,V,N
156,SK,2004,4,P,4,29/03/2004,25/10/2004,V,V,N
,SL,2004,0,P,0,,,V,V,N
096,SM,2004,4,P,4,29/03/2004,25/10/2004,V,V,N
,SN,2004,0,P,0,,,V,V,N
,SO,2004,12,P,0,,,V,V,N
,SR,2004,12,N,0,,,V,V,N
,ST,2004,0,P,0,,,V,V,N
,SV,2004,24,N,0,,,V,V,N
098,SY,2004,8,P,4,31/03/2004,30/09/2004,V,V,N
,SZ,2004,8,P,0,,,V,V,S
099,TC,2004,20,N,4,05/04/2004,25/10/2004,V,V,N
,TD,2004,4,P,0,,,V,V,N
,TG,2004,0,P,0,,,V,V,N
,TH,2004,28,P,0,,,V,V,N
136,TJ,2004,20,P,0,,,V,V,N
,TL,2004,36,P,0,,,V,V,S
137,TM,2004,20,P,0,,,V,V,N
100,TN,2004,4,P,4,29/03/2004,25/10/2004,V,V,N
173,TO,2004,52,P,0,,,V,V,S
101,TR,2004,8,P,4,29/03/2004,25/10/2004,V,V,N
,TT,2004,16,N,0,,,V,V,N
,TV,2004,48,P,0,,,V,V,N
,TW,2004,32,P,0,,,V,V,N
,TZ,2004,12,P,0,,,V,V,S
127,UA,2004,8,P,4,29/03/2004,25/10/2004,V,V,N
,UG,2004,12,P,0,,,V,V,N
102,UM,2004,40,N,0,,,V,V,S
103,UM,2004,44,N,0,,,V,V,S
104,UM,2004,48,N,0,,,V,V,S
107,US,2004,24,N,4,08/03/2004,01/11/2004,V,V,N
108,US,2004,28,N,4,08/03/2004,01/11/2004,V,V,N
109,US,2004,28,N,0,,,V,V,N
110,US,2004,32,N,4,08/03/2004,01/11/2004,V,V,N
111,US,2004,36,N,4,08/03/2004,01/11/2004,V,V,N
112,US,2004,40,N,4,09/03/2003,02/11/2003,V,V,N
113,US,2004,40,N,0,,,V,V,N
138,UZ,2004,20,P,0,,,V,V,N
,VC,2004,16,N,0,,,V,V,N
,VE,2004,16,N,0,,,V,V,N
,VG,2004,16,N,0,,,V,V,N
,VI,2004,16,N,0,,,V,V,N
,VN,2004,28,P,0,,,V,V,N
115,VU,2004,44,P,0,,,V,V,S
,WF,2004,48,P,0,,,V,V,S
,WS,2004,44,N,0,,,V,V,S
,YE,2004,12,P,0,,,V,V,N
,YT,2004,12,P,0,,,V,V,S
,ZA,2004,8,P,0,,,V,V,S
,ZM,2004,8,P,0,,,V,V,S
,ZW,2004,8,P,0,,,V,V,S
,ZZ,2004,0,P,0,,,V,V,N
052,FR,2004,4,P,4,28/03/2004,31/10/2004,V,V,N
053,GB,2004,0,P,4,28/03/2004,31/10/2004,V,V,N
105,US,2004,20,N,4,04/04/2004,31/10/2004,V,V,N
067,IT,2006,4,P,4,26/03/2006 01:00:00,29/10/2006 01:00:00,V,V,N
169,FJ,2002,48,P,0,,,V,V,S
051,FO,2002,0,P,4,25/03/2002,28/10/2002,V,V,N
,GD,2002,16,N,0,,,V,V,N
,GF,2002,12,N,0,,,V,V,N
,GN,2002,0,P,0,,,V,V,N
119,GT,2002,24,N,0,,,V,V,N
,GW,2002,0,P,0,,,V,V,N
,HK,2002,32,P,0,,,V,V,N
,HN,2002,24,N,0,,,V,V,N
059,HT,2002,20,N,0,01/04/2002,28/10/2002,V,V,N
064,IE,2002,0,P,4,25/03/2002,28/10/2002,V,V,N
120,IR,2002,14,P,0,,,V,V,N
067,IT,2002,4,P,4,25/03/2002,28/10/2002,V,V,N
,KE,2002,12,P,0,,,V,V,N
134,KG,2002,24,P,0,,,V,V,N
,MR,2002,0,P,0,,,V,V,N
,MU,2002,16,P,0,,,V,V,N
,MW,2002,8,P,0,,,V,V,S
079,MX,2002,28,N,4,01/04/2002,28/10/2002,V,V,N
,MY,2002,32,P,0,,,V,V,N
004,NA,2002,4,P,4,02/09/2002,01/04/2002,V,V,S
,NG,2002,4,P,0,,,V,V,N
193,NI,2002,24,N,0,,,V,V,N
083,NO,2002,4,P,4,25/03/2002,28/10/2002,V,V,N
,OM,2002,16,P,0,,,V,V,N
155,PE,2002,20,N,0,,,V,V,S
087,PF,2002,40,N,0,,,V,V,S
,PG,2002,40,P,0,,,V,V,S
,PH,2002,32,P,0,,,V,V,N
089,PL,2002,4,P,4,25/03/2002,28/10/2002,V,V,N
190,PS,2002,8,P,4,29/03/2002,26/09/2002,V,V,N
,RE,2002,16,P,0,,,V,V,S
189,RS,2002,4,P,4,25/03/2002,28/10/2002,V,V,N
001,AD,2002,4,P,4,25/03/2002,28/10/2002,V,V,N
,AE,2002,16,P,0,,,V,V,N
,AF,2002,18,P,0,,,V,V,N
,AG,2002,16,N,0,,,V,V,N
,AI,2002,16,N,0,,,V,V,N
002,AL,2002,4,P,4,25/03/2002,28/10/2002,V,V,N
151,AM,2002,16,P,4,24/03/2002,27/10/2002,V,V,N
,AN,2002,16,N,0,,,V,V,N
,AO,2002,4,P,0,,,V,V,S
,AQ,2002,0,P,0,,,V,V,S
003,AR,2002,12,N,0,,,V,V,S
,AS,2002,44,N,0,,,V,V,S
005,AT,2002,4,P,4,25/03/2002,28/10/2002,V,V,N
006,AU,2002,42,P,2,27/10/2002,24/03/2002,V,V,S
007,AU,2002,40,P,4,26/10/2002,29/03/2003,V,V,S
008,AU,2002,40,P,4,06/10/2002,24/03/2002,V,V,S
009,AU,2002,38,P,4,27/10/2002,24/03/2002,V,V,S
010,AU,2002,38,P,0,,,V,V,S
011,AU,2002,32,P,4,27/10/2002,24/03/2002,V,V,S
131,AU,2002,40,P,0,,,V,V,S
,AW,2002,16,N,0,,,V,V,N
150,AZ,2002,16,P,4,25/03/2002,28/10/2002,V,V,N
154,BA,2002,4,P,4,25/03/2002,28/10/2002,V,V,N
,BB,2002,16,N,0,,,V,V,N
,BD,2002,24,P,0,,,V,V,N
012,BE,2002,4,P,4,25/03/2002,28/10/2002,V,V,N
,BF,2002,0,P,0,,,V,V,N
013,BG,2002,8,P,4,25/03/2002,28/10/2002,V,V,N
,BH,2002,12,P,0,,,V,V,N
,BI,2002,8,P,0,,,V,V,S
,BJ,2002,4,P,0,,,V,V,N
014,BM,2002,16,N,4,11/03/2002,04/11/2002,V,V,N
,BN,2002,32,P,0,,,V,V,N
,BO,2002,16,N,0,,,V,V,S
015,BR,2002,12,N,4,21/10/2002,25/02/2002,V,V,S
016,BR,2002,12,N,0,,,V,V,S
017,BR,2002,16,N,4,21/10/2002,25/02/2002,V,V,S
018,BR,2002,16,N,0,,,V,V,S
019,BR,2002,20,N,0,,,V,V,S
020,BR,2002,8,N,0,,,V,V,S
021,BS,2002,20,N,4,11/03/2002,04/11/2002,V,V,N
,BT,2002,24,P,0,,,V,V,N
,BW,2002,8,P,0,,,V,V,S
129,BY,2002,8,P,4,25/03/2002,28/10/2002,V,V,N
,BZ,2002,24,N,0,,,V,V,N
022,CA,2002,14,N,4,11/03/2002,04/11/2002,V,V,N
023,CA,2002,16,N,4,11/03/2002,04/11/2002,V,V,N
024,CA,2002,16,N,0,,,V,V,N
025,CA,2002,20,N,4,11/03/2002,04/11/2002,V,V,N
026,CA,2002,20,N,0,,,V,V,N
027,CA,2002,24,N,4,11/03/2002,04/11/2002,V,V,N
028,CA,2002,24,N,0,,,V,V,N
029,CA,2002,28,N,4,11/03/2002,04/11/2002,V,V,N
030,CA,2002,28,N,0,,,V,V,N
031,CA,2002,32,N,4,11/03/2002,04/11/2002,V,V,N
,CC,2002,26,P,0,,,V,V,S
166,CD,2002,4,P,0,,,V,V,N
167,CD,2002,8,P,0,,,V,V,N
,CF,2002,4,P,0,,,V,V,N
,CG,2002,4,P,0,,,V,V,N
032,CH,2002,4,P,4,25/03/2002,28/10/2002,V,V,N
,CI,2002,0,P,0,,,V,V,N
,CK,2002,40,N,0,,,V,V,S
033,CL,2002,16,N,4,14/10/2002,11/03/2002,V,V,S
034,CL,2002,24,N,4,14/10/2002,11/03/2002,V,V,S
,CM,2002,4,P,0,,,V,V,N
035,CN,2002,32,P,0,,,V,V,N
132,CO,2002,20,N,0,,,V,V,N
036,CR,2002,24,N,0,,,V,V,N
038,CU,2002,20,N,4,25/03/2002,28/10/2002,V,V,N
,CV,2002,4,N,0,,,V,V,N
,CX,2002,28,P,0,,,V,V,S
039,CY,2002,8,P,4,25/03/2002,28/10/2002,V,V,N
037,CZ,2002,4,P,4,25/03/2002,28/10/2002,V,V,N
040,DE,2002,4,P,4,31/03/2002,27/10/2002,V,V,N
,DJ,2002,12,P,0,,,V,V,N
041,DK,2002,4,P,4,25/03/2002,28/10/2002,V,V,N
,DM,2002,16,N,0,,,V,V,N
174,DO,2002,16,N,0,,,V,V,N
,DZ,2002,4,P,0,,,V,V,N
042,EC,2002,20,N,4,,,V,V,N
043,EC,2002,24,N,4,,,V,V,N
124,EE,2002,8,P,4,25/03/2002,28/10/2002,V,V,N
044,EG,2002,8,P,4,25/04/2002,26/09/2002,V,V,N
157,ER,2002,12,P,0,,,V,V,N
045,ES,2002,4,P,4,25/03/2002,28/10/2002,V,V,N
046,ES,2002,0,P,4,25/03/2002,28/10/2002,V,V,N
,ET,2002,12,P,0,,,V,V,N
047,FI,2002,8,P,4,31/03/2002,27/10/2002,V,V,N
048,FK,2002,16,N,4,02/09/2002,15/04/2002,V,V,S
049,FM,2002,40,P,0,,,V,V,S
050,FM,2002,44,P,0,,,V,V,S
052,FR,2002,4,P,4,31/03/2002,27/10/2002,V,V,N
,GA,2002,4,P,0,,,V,V,N
053,GB,2002,0,P,4,31/03/2002,27/10/2002,V,V,N
170,GE,2002,16,P,0,,,V,V,N
,GH,2002,0,P,0,,,V,V,N
054,GI,2002,4,P,4,25/03/2002,28/10/2002,V,V,N
055,GL,2002,12,N,4,25/03/2002,27/10/2002,V,V,N
056,GL,2002,16,N,4,01/04/2002,28/10/2002,V,V,N
057,GL,2002,4,N,4,25/03/2002,28/10/2002,V,V,N
,GM,2002,0,P,0,,,V,V,N
,GP,2002,16,N,0,,,V,V,N
,GQ,2002,4,P,0,,,V,V,N
058,GR,2002,8,P,4,25/03/2002,28/10/2002,V,V,N
,GU,2002,40,P,0,,,V,V,N
,GY,2002,16,N,0,,,V,V,N
152,HR,2002,4,P,4,25/03/2002,28/10/2002,V,V,N
060,HU,2002,4,P,4,25/03/2002,28/10/2002,V,V,N
061,ID,2002,28,P,0,,,V,V,S
062,ID,2002,32,P,0,,,V,V,S
063,ID,2002,36,P,0,,,V,V,S
065,IL,2002,8,P,4,25/03/2002,15/09/2002,V,V,N
,IN,2002,22,P,0,,,V,V,N
066,IQ,2002,12,P,4,01/04/2002,01/10/2002,V,V,N
,IS,2002,0,P,0,,,V,V,N
,JM,2002,20,N,0,,,V,V,N
068,JO,2002,8,P,4,29/03/2002,25/10/2002,V,V,N
,JP,2002,36,P,0,,,V,V,N
,KH,2002,28,P,0,,,V,V,N
069,KI,2002,48,P,0,,,V,V,S
070,KI,2002,56,P,0,,,V,V,S
071,KI,2002,52,P,0,,,V,V,S
,KM,2002,12,P,0,,,V,V,S
,KN,2002,16,N,0,,,V,V,N
,KP,2002,36,P,0,,,V,V,N
,KR,2002,36,P,0,,,V,V,N
,KW,2002,12,P,0,,,V,V,N
,KY,2002,20,N,0,,,V,V,N
133,KZ,2002,24,P,0,,,V,V,N
162,KZ,2002,20,P,0,,,V,V,N
164,KZ,2002,24,P,0,,,V,V,N
,LA,2002,28,P,0,,,V,V,N
072,LB,2002,8,P,4,24/03/2002,27/10/2002,V,V,N
,LC,2002,16,N,0,,,V,V,N
091,LI,2002,4,P,4,25/03/2002,28/10/2002,V,V,N
187,LK,2002,22,P,0,,,V,V,N
,LR,2002,0,P,0,,,V,V,N
,LS,2002,8,P,0,,,V,V,S
125,LT,2002,8,P,4,25/03/2002,28/10/2002,V,V,N
073,LU,2002,4,P,4,25/03/2002,28/10/2002,V,V,N
126,LV,2002,8,P,4,25/03/2002,28/10/2002,V,V,N
122,LY,2002,8,P,0,,,V,V,N
,MA,2002,0,P,0,,,V,V,N
074,MC,2002,4,P,4,25/03/2002,28/10/2002,V,V,N
155,PE,2008,20,N,0,,,V,V,S
087,PF,2007,40,N,0,,,V,V,S
088,PF,2008,36,N,0,,,V,V,S
,PH,2008,32,P,0,,,V,V,N
163,PK,2008,20,P,0,,,V,V,N
,PR,2007,16,N,0,,,V,V,N
190,PS,2008,8,P,4,27/03/2008 23:00:00,25/09/2008 22:00:00,V,V,N
093,PY,2007,16,N,4,21/10/2007 04:00:00,11/03/2007 03:00:00,V,V,S
094,RO,2007,8,P,4,25/03/2007 01:00:00,28/10/2007 01:00:00,V,V,N
141,RU,2007,20,P,4,24/03/2007 21:00:00,27/10/2007 21:00:00,V,V,N
145,RU,2008,36,P,4,29/03/2008 17:00:00,25/10/2008 17:00:00,V,V,N
160,RU,2008,8,P,4,30/03/2008 02:00:00,26/10/2008,V,V,N
,SB,2008,44,P,0,,,V,V,S
172,SD,2007,12,P,0,,,V,V,N
135,MD,2002,8,P,4,25/03/2002,28/10/2002,V,V,N
188,ME,2002,4,P,4,25/03/2002,28/10/2002,V,V,N
,MG,2002,12,P,0,,,V,V,S
075,MH,2002,48,P,0,,,V,V,S
076,MH,2002,48,P,0,,,V,V,S
159,MK,2002,4,P,4,25/03/2002,28/10/2002,V,V,N
,ML,2002,0,P,0,,,V,V,N
,MM,2002,26,P,0,,,V,V,N
175,MN,2002,32,P,4,30/03/2002,28/09/2002,V,V,N
,MO,2002,32,P,0,,,V,V,N
,MP,2002,40,P,0,,,V,V,N
,MQ,2002,16,N,0,,,V,V,N
,MS,2002,16,N,0,,,V,V,N
078,MT,2002,4,P,4,25/03/2002,28/10/2002,V,V,N
,MV,2002,20,P,0,,,V,V,N
080,MX,2002,32,N,4,01/04/2002,28/10/2002,V,V,N
097,MX,2002,28,N,0,,,V,V,N
168,MX,2002,24,N,4,01/04/2002,28/10/2002,V,V,N
,MZ,2002,8,P,0,,,V,V,S
165,NC,2002,44,P,0,,,V,V,S
,NE,2002,4,P,0,,,V,V,N
,NF,2002,46,P,0,,,V,V,S
082,NL,2002,4,P,4,31/03/2002,27/10/2002,V,V,N
,NP,2002,23,P,0,,,V,V,N
,AG,2009,16,N,0,,,V,V,N
,AN,2009,16,N,0,,,V,V,N
,AQ,2009,0,P,0,,,V,V,S
005,AT,2009,4,P,4,29/03/2009 01:00:00,25/10/2009 01:00:00,V,V,N
,BD,2009,24,P,0,,,V,V,N
013,BG,2009,8,P,4,29/03/2009 01:00:00,25/10/2009 01:00:00,V,V,N
,BO,2009,16,N,0,,,V,V,S
,BW,2009,8,P,0,,,V,V,S
023,CA,2009,16,N,4,08/03/2009 06:00:00,01/11/2009 05:00:00,V,V,N
030,CA,2009,28,N,0,,,V,V,N
166,CD,2009,4,P,0,,,V,V,N
,CG,2009,4,P,0,,,V,V,N
,CK,2009,40,N,0,,,V,V,S
132,CO,2009,20,N,0,,,V,V,N
036,CR,2009,24,N,0,,,V,V,N
039,CY,2009,8,P,4,29/03/2009 01:00:00,25/10/2009 01:00:00,V,V,N
,DM,2009,16,N,0,,,V,V,N
119,GT,2007,24,N,0,,,V,V,N
,GU,2008,40,P,0,,,V,V,N
,NR,2002,48,P,0,,,V,V,S
,NU,2002,44,N,0,,,V,V,S
084,NZ,2002,48,P,4,06/10/2002,17/03/2002,V,V,S
085,NZ,2002,51,P,4,06/10/2002,17/03/2002,V,V,S
,PA,2002,20,N,0,,,V,V,N
086,PF,2002,38,N,0,,,V,V,S
088,PF,2002,36,N,0,,,V,V,S
163,PK,2002,20,P,0,,,V,V,N
090,PM,2002,12,N,4,01/04/2002,28/10/2002,V,V,N
,PR,2002,16,N,0,,,V,V,N
092,PT,2002,0,P,4,25/03/2002,28/10/2002,V,V,N
158,PT,2002,4,N,4,25/03/2002,28/10/2002,V,V,N
,PW,2002,36,P,0,,,V,V,S
093,PY,2002,16,N,4,21/10/2002,11/03/2002,V,V,S
,QA,2002,12,P,0,,,V,V,N
094,RO,2002,8,P,4,25/03/2002,28/10/2002,V,V,N
130,RU,2002,12,P,4,24/03/2002,27/10/2002,V,V,N
140,RU,2002,16,P,4,24/03/2002,27/10/2002,V,V,N
141,RU,2002,20,P,4,24/03/2002,27/10/2002,V,V,N
142,RU,2002,24,P,4,24/03/2002,27/10/2002,V,V,N
143,RU,2002,28,P,4,24/03/2002,27/10/2002,V,V,N
144,RU,2002,32,P,4,24/03/2002,27/10/2002,V,V,N
145,RU,2002,36,P,4,24/03/2002,27/10/2002,V,V,N
146,RU,2002,40,P,4,24/03/2002,27/10/2002,V,V,N
147,RU,2002,44,P,4,24/03/2002,27/10/2002,V,V,N
148,RU,2002,48,P,4,24/03/2002,27/10/2002,V,V,N
160,RU,2002,8,P,4,25/03/2002,28/10/2002,V,V,N
,RW,2002,8,P,0,,,V,V,S
,SA,2002,12,P,0,,,V,V,N
,SB,2002,44,P,0,,,V,V,S
,SC,2002,16,P,0,,,V,V,S
172,SD,2002,12,P,0,,,V,V,N
,SD,2002,12,P,0,,,V,V,N
095,SE,2002,4,P,4,25/03/2002,28/10/2002,V,V,N
,SG,2002,32,P,0,,,V,V,N
,SH,2002,0,P,0,,,V,V,S
153,SI,2002,4,P,4,25/03/2002,28/10/2002,V,V,N
156,SK,2002,4,P,4,25/03/2002,28/10/2002,V,V,N
,SL,2002,0,P,0,,,V,V,N
096,SM,2002,4,P,4,25/03/2002,28/10/2002,V,V,N
,SN,2002,0,P,0,,,V,V,N
,SO,2002,12,P,0,,,V,V,N
,SR,2002,12,N,0,,,V,V,N
,ST,2002,0,P,0,,,V,V,N
,SV,2002,24,N,0,,,V,V,N
098,SY,2002,8,P,4,31/03/2002,30/09/2002,V,V,N
,SZ,2002,8,P,0,,,V,V,S
099,TC,2002,20,N,4,01/04/2002,28/10/2002,V,V,N
,TD,2002,4,P,0,,,V,V,N
,TG,2002,0,P,0,,,V,V,N
,TH,2002,28,P,0,,,V,V,N
136,TJ,2002,20,P,0,,,V,V,N
,TL,2002,36,P,0,,,V,V,S
137,TM,2002,20,P,0,,,V,V,N
100,TN,2002,4,P,4,25/03/2002,28/10/2002,V,V,N
173,TO,2002,52,P,0,,,V,V,S
101,TR,2002,8,P,4,25/03/2002,28/10/2002,V,V,N
,TT,2002,16,N,0,,,V,V,N
,TV,2002,48,P,0,,,V,V,N
,TW,2002,32,P,0,,,V,V,N
,TZ,2002,12,P,0,,,V,V,S
127,UA,2002,8,P,4,25/03/2002,28/10/2002,V,V,N
,UG,2002,12,P,0,,,V,V,N
102,UM,2002,40,N,0,,,V,V,S
103,UM,2002,44,N,0,,,V,V,S
104,UM,2002,48,N,0,,,V,V,S
105,US,2002,20,N,4,07/04/2002,27/10/2002,V,V,N
107,US,2002,24,N,4,07/04/2002 08:00:00,27/10/2002 07:00:00,V,V,N
108,US,2002,28,N,4,11/03/2002,04/11/2002,V,V,N
109,US,2002,28,N,0,,,V,V,N
113,US,2002,40,N,0,,,V,V,N
,DZ,2009,4,P,0,,,V,V,N
042,EC,2009,20,N,4,,,V,V,N
043,EC,2009,24,N,4,,,V,V,N
124,EE,2009,8,P,4,29/03/2009 01:00:00,25/10/2009 01:00:00,V,V,N
044,EG,2009,8,P,4,23/04/2009 22:00:00,17/09/2009 21:00:00,V,V,N
157,ER,2009,12,P,0,,,V,V,N
045,ES,2009,4,P,4,29/03/2009 01:00:00,25/10/2009 01:00:00,V,V,N
046,ES,2009,0,P,4,29/03/2009 02:00:00,25/10/2009 02:00:00,V,V,N
,ET,2009,12,P,0,,,V,V,N
047,FI,2009,8,P,4,29/03/2009 01:00:00,25/10/2009 01:00:00,V,V,N
169,FJ,2009,48,P,0,,,V,V,S
049,FM,2009,40,P,0,,,V,V,S
050,FM,2009,44,P,0,,,V,V,S
051,FO,2009,0,P,4,29/03/2009 01:00:00,25/10/2009 01:00:00,V,V,N
052,FR,2007,4,P,4,25/03/2007 01:00:00,28/10/2007 01:00:00,V,V,N
052,FR,2008,4,P,4,30/03/2008 01:00:00,26/10/2008 01:00:00,V,V,N
052,FR,2009,4,P,4,29/03/2009 01:00:00,25/10/2009 01:00:00,V,V,N
,GA,2009,4,P,0,,,V,V,N
053,GB,2007,0,P,4,25/03/2007 01:00:00,28/10/2007 01:00:00,V,V,N
053,GB,2008,0,P,4,30/03/2008 01:00:00,26/10/2008 01:00:00,V,V,N
053,GB,2009,0,P,4,29/03/2009 01:00:00,25/10/2009 01:00:00,V,V,N
,GD,2009,16,N,0,,,V,V,N
170,GE,2009,16,P,0,,,V,V,N
,GF,2009,12,N,0,,,V,V,N
,GH,2009,0,P,0,,,V,V,N
054,GI,2009,4,P,4,29/03/2009 01:00:00,25/10/2009 01:00:00,V,V,N
055,GL,2009,12,N,4,29/03/2009 01:00:00,25/10/2009 01:00:00,V,V,N
056,GL,2009,16,N,4,25/04/2009 06:00:00,26/10/2008 05:00:00,V,V,N
057,GL,2009,4,N,4,29/03/2009 01:00:00,25/10/2009 01:00:00,V,V,N
,GM,2009,0,P,0,,,V,V,N
,GN,2009,0,P,0,,,V,V,N
,GP,2009,16,N,0,,,V,V,N
,GQ,2009,4,P,0,,,V,V,N
058,GR,2009,8,P,4,29/03/2009 01:00:00,25/10/2009 01:00:00,V,V,N
119,GT,2009,24,N,0,,,V,V,N
,GU,2009,40,P,0,,,V,V,N
,GW,2009,0,P,0,,,V,V,N
,GY,2009,16,N,0,,,V,V,N
,HK,2009,32,P,0,,,V,V,N
,HN,2009,24,N,0,,,V,V,N
152,HR,2009,4,P,4,29/03/2009 01:00:00,25/10/2009 01:00:00,V,V,N
059,HT,2009,20,N,0,05/04/2009 05:00:00,25/10/2009 04:00:00,V,V,N
060,HU,2009,4,P,4,29/03/2009 01:00:00,25/10/2009 01:00:00,V,V,N
061,ID,2009,28,P,0,,,V,V,S
062,ID,2009,32,P,0,,,V,V,S
063,ID,2009,36,P,0,,,V,V,S
064,IE,2009,0,P,4,29/03/2009 01:00:00,25/10/2009 01:00:00,V,V,N
065,IL,2009,8,P,4,03/04/2009 01:00:00,26/09/2009 23:00:00,V,V,N
,IN,2009,22,P,0,,,V,V,N
066,IQ,2009,12,P,4,01/04/2009,01/10/2009,V,V,N
120,IR,2009,14,P,0,,,V,V,N
,IS,2009,0,P,0,,,V,V,N
067,IT,2009,4,P,4,29/03/2009 01:00:00,25/10/2009 01:00:00,V,V,N
,JM,2009,20,N,0,,,V,V,N
068,JO,2009,8,P,4,26/03/2009 22:00:00,29/10/2009 21:00:00,V,V,N
,JP,2009,36,P,0,,,V,V,N
,KE,2009,12,P,0,,,V,V,N
134,KG,2009,24,P,0,,,V,V,N
,KH,2009,28,P,0,,,V,V,N
069,KI,2009,48,P,0,,,V,V,S
070,KI,2009,56,P,0,,,V,V,S
071,KI,2009,52,P,0,,,V,V,S
,KM,2009,12,P,0,,,V,V,S
,KN,2009,16,N,0,,,V,V,N
,KP,2009,36,P,0,,,V,V,N
,KR,2009,36,P,0,,,V,V,N
,KW,2009,12,P,0,,,V,V,N
,KY,2009,20,N,0,,,V,V,N
133,KZ,2009,24,P,0,,,V,V,N
162,KZ,2009,20,P,0,,,V,V,N
164,KZ,2009,24,P,0,,,V,V,N
,LA,2009,28,P,0,,,V,V,N
072,LB,2009,8,P,4,28/03/2009 22:00:00,24/10/2009 21:00:00,V,V,N
,LC,2009,16,N,0,,,V,V,N
091,LI,2009,4,P,4,29/03/2009 01:00:00,25/10/2009 01:00:00,V,V,N
187,LK,2009,22,P,0,,,V,V,N
,LR,2009,0,P,0,,,V,V,N
,LS,2009,8,P,0,,,V,V,S
125,LT,2009,8,P,4,29/03/2009 01:00:00,26/10/2009 01:00:00,V,V,N
073,LU,2009,4,P,4,29/03/2009 01:00:00,25/10/2009 01:00:00,V,V,N
126,LV,2009,8,P,4,29/03/2009 01:00:00,25/10/2009 01:00:00,V,V,N
122,LY,2009,8,P,0,,,V,V,N
,MA,2009,0,P,0,,,V,V,N
074,MC,2009,4,P,4,29/03/2008 01:00:00,25/10/2008 01:00:00,V,V,N
135,MD,2009,8,P,4,29/03/2009 01:00:00,25/10/2009 01:00:00,V,V,N
188,ME,2009,4,P,4,29/03/2009 01:00:00,25/10/2009 01:00:00,V,V,N
,MG,2009,12,P,0,,,V,V,S
075,MH,2009,48,P,0,,,V,V,S
076,MH,2009,48,P,0,,,V,V,S
159,MK,2009,4,P,4,29/03/2009 01:00:00,25/10/2009 01:00:00,V,V,N
,ML,2009,0,P,0,,,V,V,N
,MM,2009,26,P,0,,,V,V,N
175,MN,2009,32,P,4,27/03/2009 18:00:00,25/09/2009 17:00:00,V,V,N
,MO,2009,32,P,0,,,V,V,N
,MP,2009,40,P,0,,,V,V,N
,MQ,2009,16,N,0,,,V,V,N
,MR,2009,0,P,0,,,V,V,N
,MS,2009,16,N,0,,,V,V,N
078,MT,2009,4,P,4,29/03/2009 01:00:00,25/10/2009 01:00:00,V,V,N
,MU,2009,16,P,0,,,V,V,N
,MV,2009,20,P,0,,,V,V,N
,MW,2009,8,P,0,,,V,V,S
079,MX,2009,28,N,4,05/04/2009 09:00:00,25/10/2009 08:00:00,V,V,N
080,MX,2009,32,N,4,05/04/2009 10:00:00,25/10/2009 09:00:00,V,V,N
097,MX,2009,28,N,0,,,V,V,N
168,MX,2009,24,N,4,05/04/2009 08:00:00,25/10/2009 07:00:00,V,V,N
,MY,2009,32,P,0,,,V,V,N
,MZ,2009,8,P,0,,,V,V,S
165,NC,2009,44,P,0,,,V,V,S
,NE,2009,4,P,0,,,V,V,N
,NF,2009,46,P,0,,,V,V,S
,NG,2009,4,P,0,,,V,V,N
193,NI,2009,24,N,0,,,V,V,N
082,NL,2007,4,P,4,25/03/2007 01:00:00,28/10/2007 01:00:00,V,V,N
082,NL,2008,4,P,4,30/03/2008 01:00:00,26/10/2008 01:00:00,V,V,N
082,NL,2009,4,P,4,29/03/2009 01:00:00,25/10/2009 01:00:00,V,V,N
083,NO,2009,4,P,4,29/03/2009 01:00:00,25/10/2009 01:00:00,V,V,N
,NP,2009,23,P,0,,,V,V,N
,NR,2009,48,P,0,,,V,V,S
,NU,2009,44,N,0,,,V,V,S
,OM,2009,16,P,0,,,V,V,N
,PA,2007,20,N,0,,,V,V,N
,PA,2008,20,N,0,,,V,V,N
,PA,2009,20,N,0,,,V,V,N
155,PE,2009,20,N,0,,,V,V,S
086,PF,2009,38,N,0,,,V,V,S
087,PF,2009,40,N,0,,,V,V,S
088,PF,2009,36,N,0,,,V,V,S
,PG,2009,40,P,0,,,V,V,S
,PH,2009,32,P,0,,,V,V,N
163,PK,2009,20,P,0,,,V,V,N
089,PL,2009,4,P,4,29/03/2009 01:00:00,25/10/2009 01:00:00,V,V,N
090,PM,2009,12,N,4,05/04/2009 05:00:00,25/10/2009 04:00:00,V,V,N
,PR,2009,16,N,0,,,V,V,N
190,PS,2009,8,P,4,26/03/2009 23:00:00,24/09/2009 22:00:00,V,V,N
092,PT,2009,0,P,4,29/03/2009 01:00:00,25/10/2009 01:00:00,V,V,N
158,PT,2009,4,N,4,29/03/2009 01:00:00,25/10/2009 01:00:00,V,V,N
,PW,2009,36,P,0,,,V,V,S
,QA,2009,12,P,0,,,V,V,N
,RE,2009,16,P,0,,,V,V,S
094,RO,2009,8,P,4,29/03/2009 01:00:00,25/10/2009 01:00:00,V,V,N
189,RS,2009,4,P,4,29/03/2009 01:00:00,25/10/2009 01:00:00,V,V,N
130,RU,2009,12,P,4,28/03/2009 23:00:00,24/10/2009 23:00:00,V,V,N
140,RU,2009,16,P,4,28/03/2009 22:00:00,24/10/2009 22:00:00,V,V,N
141,RU,2009,20,P,4,28/03/2009 21:00:00,24/10/2009 21:00:00,V,V,N
142,RU,2009,24,P,4,28/03/2009 20:00:00,24/10/2009 20:00:00,V,V,N
143,RU,2009,28,P,4,28/03/2008 19:00:00,24/10/2008 19:00:00,V,V,N
144,RU,2009,32,P,4,28/03/2009 18:00:00,24/10/2009 18:00:00,V,V,N
145,RU,2009,36,P,4,28/03/2009 17:00:00,24/10/2009 17:00:00,V,V,N
146,RU,2009,40,P,4,28/03/2009 16:00:00,24/10/2009 16:00:00,V,V,N
147,RU,2009,44,P,4,28/03/2009 15:00:00,24/10/2009 05:00:00,V,V,N
148,RU,2009,48,P,4,28/03/2009 14:00:00,24/10/2008 14:00:00,V,V,N
160,RU,2009,8,P,4,29/03/2009,25/10/2009,V,V,N
,RW,2009,8,P,0,,,V,V,S
,SA,2009,12,P,0,,,V,V,N
,SB,2009,44,P,0,,,V,V,S
,SC,2009,16,P,0,,,V,V,S
172,SD,2009,12,P,0,,,V,V,N
,SD,2009,12,P,0,,,V,V,N
095,SE,2009,4,P,4,29/03/2009 01:00:00,25/10/2009 01:00:00,V,V,N
,SG,2007,32,P,0,,,V,V,N
,SG,2008,32,P,0,,,V,V,N
,SG,2009,32,P,0,,,V,V,N
,SH,2009,0,P,0,,,V,V,S
153,SI,2009,4,P,4,29/03/2009 01:00:00,25/10/2009 01:00:00,V,V,N
156,SK,2009,4,P,4,29/03/2009 01:00:00,25/10/2009 01:00:00,V,V,N
,SL,2009,0,P,0,,,V,V,N
096,SM,2009,4,P,4,29/03/2009 01:00:00,25/10/2009 01:00:00,V,V,N
,SN,2009,0,P,0,,,V,V,N
,SO,2009,12,P,0,,,V,V,N
,SR,2009,12,N,0,,,V,V,N
,ST,2009,0,P,0,,,V,V,N
,SV,2009,24,N,0,,,V,V,N
098,SY,2009,8,P,4,31/03/2009 22:00:00,30/09/2009 21:00:00,V,V,N
,SZ,2009,8,P,0,,,V,V,S
099,TC,2009,20,N,4,05/04/2009 05:00:00,25/10/2009 04:00:00,V,V,N
,TD,2009,4,P,0,,,V,V,N
,TG,2009,0,P,0,,,V,V,N
,TH,2007,28,P,0,,,V,V,N
,TH,2008,28,P,0,,,V,V,N
,TH,2009,28,P,0,,,V,V,N
136,TJ,2009,20,P,0,,,V,V,N
,TL,2009,36,P,0,,,V,V,S
137,TM,2009,20,P,0,,,V,V,N
100,TN,2009,4,P,4,29/03/2009 01:00:00,25/10/2009 01:00:00,V,V,N
173,TO,2009,52,P,0,,,V,V,S
101,TR,2009,8,P,4,29/03/2009 01:00:00,25/10/2009 01:00:00,V,V,N
,TT,2009,16,N,0,,,V,V,N
,TV,2009,48,P,0,,,V,V,N
,TW,2009,32,P,0,,,V,V,N
,TZ,2009,12,P,0,,,V,V,S
127,UA,2009,8,P,4,29/03/2009 01:00:00,25/10/2009 01:00:00,V,V,N
,UG,2009,12,P,0,,,V,V,N
102,UM,2009,40,N,0,,,V,V,S
103,UM,2009,44,N,0,,,V,V,S
104,UM,2009,48,N,0,,,V,V,S
105,US,2007,20,N,4,11/03/2007 07:00:00,04/11/2007 06:00:00,V,V,N
105,US,2008,20,N,4,09/03/2008 07:00:00,02/11/2008 06:00:00,V,V,N
105,US,2009,20,N,4,08/03/2009 07:00:00,01/11/2009 06:00:00,V,V,N
107,US,2007,24,N,4,11/03/2007 08:00:00,04/11/2007 07:00:00,V,V,N
107,US,2008,24,N,4,09/03/2008 08:00:00,02/11/2008 07:00:00,V,V,N
107,US,2009,24,N,4,08/03/2009 08:00:00,01/11/2009 07:00:00,V,V,N
108,US,2009,28,N,4,08/03/2009 09:00:00,01/11/2009 08:00:00,V,V,N
109,US,2009,28,N,0,,,V,V,N
110,US,2009,32,N,4,08/03/2009 10:00:00,01/11/2009 09:00:00,V,V,N
111,US,2009,36,N,4,08/03/2009 11:00:00,01/11/2009 10:00:00,V,V,N
112,US,2009,40,N,4,08/03/2008 12:00:00,01/11/2008 11:00:00,V,V,N
113,US,2009,40,N,0,,,V,V,N
138,UZ,2009,20,P,0,,,V,V,N
,VC,2009,16,N,0,,,V,V,N
,VE,2009,16,N,0,,,V,V,N
,VG,2009,16,N,0,,,V,V,N
,VI,2009,16,N,0,,,V,V,N
,VN,2009,28,P,0,,,V,V,N
115,VU,2009,44,P,0,,,V,V,S
,WF,2009,48,P,0,,,V,V,S
,WS,2009,44,N,0,,,V,V,S
,YE,2009,12,P,0,,,V,V,N
,YT,2009,12,P,0,,,V,V,S
,ZA,2009,8,P,0,,,V,V,S
,ZM,2009,8,P,0,,,V,V,S
,ZW,2009,8,P,0,,,V,V,S
,ZZ,2009,0,P,0,,,V,V,N
110,US,2002,32,N,4,11/03/2002,04/11/2002,V,V,N
111,US,2002,36,N,4,11/03/2002,04/11/2002,V,V,N
112,US,2002,40,N,4,11/03/2002,04/11/2002,V,V,N
114,UY,2002,12,N,4,07/10/2002,11/03/2002,V,V,S
138,UZ,2002,20,P,0,,,V,V,N
,VC,2002,16,N,0,,,V,V,N
,VE,2002,16,N,0,,,V,V,N
,VG,2002,16,N,0,,,V,V,N
,VI,2002,16,N,0,,,V,V,N
,VN,2002,28,P,0,,,V,V,N
115,VU,2002,44,P,0,,,V,V,S
,WF,2002,48,P,0,,,V,V,S
,WS,2002,44,N,0,,,V,V,S
,YE,2002,12,P,0,,,V,V,N
,YT,2002,12,P,0,,,V,V,S
,ZA,2002,8,P,0,,,V,V,S
,ZM,2002,8,P,0,,,V,V,S
,ZW,2002,8,P,0,,,V,V,S
,ZZ,2002,0,P,0,,,V,V,N
169,FJ,2003,48,P,0,,,V,V,S
049,FM,2003,40,P,0,,,V,V,S
051,FO,2003,0,P,4,31/03/2003,27/10/2003,V,V,N
,GH,2003,0,P,0,,,V,V,N
055,GL,2003,12,N,4,31/03/2003,26/10/2003,V,V,N
,GN,2003,0,P,0,,,V,V,N
,GP,2003,16,N,0,,,V,V,N
,GW,2003,0,P,0,,,V,V,N
,HN,2003,24,N,0,,,V,V,N
062,ID,2003,32,P,0,,,V,V,S
064,IE,2003,0,P,4,31/03/2003,27/10/2003,V,V,N
067,IT,2003,4,P,4,31/03/2003,27/10/2003,V,V,N
134,KG,2003,24,P,0,,,V,V,N
,MP,2003,40,P,0,,,V,V,N
,MS,2003,16,N,0,,,V,V,N
,MU,2003,16,P,0,,,V,V,N
079,MX,2003,28,N,4,07/04/2003,27/10/2003,V,V,N
004,NA,2003,4,P,4,08/09/2003,07/04/2003,V,V,S
193,NI,2003,24,N,0,,,V,V,N
083,NO,2003,4,P,4,31/03/2003,27/10/2003,V,V,N
,NU,2003,44,N,0,,,V,V,S
085,NZ,2003,51,P,4,05/10/2003,16/03/2003,V,V,S
155,PE,2003,20,N,0,,,V,V,S
,PH,2003,32,P,0,,,V,V,N
158,PT,2003,4,N,4,31/03/2003,27/10/2003,V,V,N
,RE,2003,16,P,0,,,V,V,S
001,AD,2003,4,P,4,31/03/2003,27/10/2003,V,V,N
,AE,2003,16,P,0,,,V,V,N
,AF,2003,18,P,0,,,V,V,N
,AG,2003,16,N,0,,,V,V,N
,AI,2003,16,N,0,,,V,V,N
002,AL,2003,4,P,4,31/03/2003,27/10/2003,V,V,N
151,AM,2003,16,P,4,30/03/2003,26/10/2003,V,V,N
,AN,2003,16,N,0,,,V,V,N
,AO,2003,4,P,0,,,V,V,S
,AQ,2003,0,P,0,,,V,V,S
003,AR,2003,12,N,0,,,V,V,S
,AS,2003,44,N,0,,,V,V,S
005,AT,2003,4,P,4,31/03/2003,27/10/2003,V,V,N
006,AU,2003,42,P,2,26/10/2003,30/03/2003,V,V,S
007,AU,2003,40,P,4,25/10/2003,27/03/2004,V,V,S
008,AU,2003,40,P,4,05/10/2003,30/03/2003,V,V,S
009,AU,2003,38,P,4,26/10/2003,30/03/2003,V,V,S
010,AU,2003,38,P,0,,,V,V,S
011,AU,2003,32,P,4,26/10/2003,30/03/2003,V,V,S
131,AU,2003,40,P,0,,,V,V,S
,AW,2003,16,N,0,,,V,V,N
150,AZ,2003,16,P,4,31/03/2003,27/10/2003,V,V,N
154,BA,2003,4,P,4,31/03/2003,27/10/2003,V,V,N
,BB,2003,16,N,0,,,V,V,N
,BD,2003,24,P,0,,,V,V,N
012,BE,2003,4,P,4,31/03/2003,27/10/2003,V,V,N
,BF,2003,0,P,0,,,V,V,N
013,BG,2003,8,P,4,31/03/2003,27/10/2003,V,V,N
,BH,2003,12,P,0,,,V,V,N
,BI,2003,8,P,0,,,V,V,S
,BJ,2003,4,P,0,,,V,V,N
014,BM,2003,16,N,4,10/03/2003,03/11/2003,V,V,N
,BN,2003,32,P,0,,,V,V,N
,BO,2003,16,N,0,,,V,V,S
015,BR,2003,12,N,4,20/10/2003,17/02/2003,V,V,S
016,BR,2003,12,N,0,,,V,V,S
017,BR,2003,16,N,4,20/10/2003,17/02/2003,V,V,S
018,BR,2003,16,N,0,,,V,V,S
019,BR,2003,20,N,0,,,V,V,S
020,BR,2003,8,N,0,,,V,V,S
021,BS,2003,20,N,4,10/03/2003,03/11/2003,V,V,N
,BT,2003,24,P,0,,,V,V,N
,BW,2003,8,P,0,,,V,V,S
129,BY,2003,8,P,4,31/03/2003,27/10/2003,V,V,N
,BZ,2003,24,N,0,,,V,V,N
022,CA,2003,14,N,4,10/03/2003,03/11/2003,V,V,N
023,CA,2003,16,N,4,10/03/2003,03/11/2003,V,V,N
024,CA,2003,16,N,0,,,V,V,N
025,CA,2003,20,N,4,10/03/2003,03/11/2003,V,V,N
026,CA,2003,20,N,0,,,V,V,N
027,CA,2003,24,N,4,10/03/2003,03/11/2003,V,V,N
028,CA,2003,24,N,0,,,V,V,N
029,CA,2003,28,N,4,10/03/2003,03/11/2003,V,V,N
030,CA,2003,28,N,0,,,V,V,N
031,CA,2003,32,N,4,10/03/2003,03/11/2003,V,V,N
,CC,2003,26,P,0,,,V,V,S
166,CD,2003,4,P,0,,,V,V,N
167,CD,2003,8,P,0,,,V,V,N
,CF,2003,4,P,0,,,V,V,N
,CG,2003,4,P,0,,,V,V,N
032,CH,2003,4,P,4,31/03/2003,27/10/2003,V,V,N
,CI,2003,0,P,0,,,V,V,N
,CK,2003,40,N,0,,,V,V,S
033,CL,2003,16,N,4,13/10/2003,10/03/2003,V,V,S
034,CL,2003,24,N,4,13/10/2003,10/03/2003,V,V,S
,CM,2003,4,P,0,,,V,V,N
035,CN,2003,32,P,0,,,V,V,N
132,CO,2003,20,N,0,,,V,V,N
036,CR,2003,24,N,0,,,V,V,N
038,CU,2003,20,N,4,31/03/2003,27/10/2003,V,V,N
,CV,2003,4,N,0,,,V,V,N
,CX,2003,28,P,0,,,V,V,S
039,CY,2003,8,P,4,31/03/2003,27/10/2003,V,V,N
037,CZ,2003,4,P,4,31/03/2003,27/10/2003,V,V,N
040,DE,2003,4,P,4,30/03/2003,26/10/2003,V,V,N
,DJ,2003,12,P,0,,,V,V,N
041,DK,2003,4,P,4,31/03/2003,27/10/2003,V,V,N
,DM,2003,16,N,0,,,V,V,N
174,DO,2003,16,N,0,,,V,V,N
,DZ,2003,4,P,0,,,V,V,N
042,EC,2003,20,N,4,,,V,V,N
043,EC,2003,24,N,4,,,V,V,N
124,EE,2003,8,P,4,31/03/2003,27/10/2003,V,V,N
044,EG,2003,8,P,4,24/04/2003,25/09/2003,V,V,N
157,ER,2003,12,P,0,,,V,V,N
045,ES,2003,4,P,4,31/03/2003,27/10/2003,V,V,N
046,ES,2003,0,P,4,31/03/2003,27/10/2003,V,V,N
,ET,2003,12,P,0,,,V,V,N
047,FI,2003,8,P,4,30/03/2003,26/10/2003,V,V,N
048,FK,2003,16,N,4,08/09/2003,21/04/2003,V,V,S
050,FM,2003,44,P,0,,,V,V,S
052,FR,2003,4,P,4,30/03/2003,26/10/2003,V,V,N
,GA,2003,4,P,0,,,V,V,N
053,GB,2003,0,P,4,30/03/2003,26/10/2003,V,V,N
,GD,2003,16,N,0,,,V,V,N
170,GE,2003,16,P,0,,,V,V,N
,GF,2003,12,N,0,,,V,V,N
054,GI,2003,4,P,4,31/03/2003,27/10/2003,V,V,N
056,GL,2003,16,N,4,07/04/2003,27/10/2003,V,V,N
057,GL,2003,4,N,4,31/03/2003,27/10/2003,V,V,N
,GM,2003,0,P,0,,,V,V,N
,GQ,2003,4,P,0,,,V,V,N
058,GR,2003,8,P,4,31/03/2003,27/10/2003,V,V,N
119,GT,2003,24,N,0,,,V,V,N
,GU,2003,40,P,0,,,V,V,N
,GY,2003,16,N,0,,,V,V,N
,HK,2003,32,P,0,,,V,V,N
152,HR,2003,4,P,4,31/03/2003,27/10/2003,V,V,N
059,HT,2003,20,N,0,07/04/2003,27/10/2003,V,V,N
060,HU,2003,4,P,4,31/03/2003,27/10/2003,V,V,N
061,ID,2003,28,P,0,,,V,V,S
063,ID,2003,36,P,0,,,V,V,S
065,IL,2003,8,P,4,31/03/2003,05/10/2003,V,V,N
,IN,2003,22,P,0,,,V,V,N
066,IQ,2003,12,P,4,02/04/2003,02/10/2003,V,V,N
120,IR,2003,14,P,0,,,V,V,N
,IS,2003,0,P,0,,,V,V,N
,JM,2003,20,N,0,,,V,V,N
068,JO,2003,8,P,4,28/03/2003,31/10/2003,V,V,N
,JP,2003,36,P,0,,,V,V,N
,KE,2003,12,P,0,,,V,V,N
,KH,2003,28,P,0,,,V,V,N
069,KI,2003,48,P,0,,,V,V,S
070,KI,2003,56,P,0,,,V,V,S
071,KI,2003,52,P,0,,,V,V,S
,KM,2003,12,P,0,,,V,V,S
,KN,2003,16,N,0,,,V,V,N
,KP,2003,36,P,0,,,V,V,N
,KR,2003,36,P,0,,,V,V,N
,KW,2003,12,P,0,,,V,V,N
,KY,2003,20,N,0,,,V,V,N
133,KZ,2003,24,P,0,,,V,V,N
162,KZ,2003,20,P,0,,,V,V,N
164,KZ,2003,24,P,0,,,V,V,N
,LA,2003,28,P,0,,,V,V,N
072,LB,2003,8,P,4,30/03/2003,26/10/2003,V,V,N
001,AD,2005,4,P,4,27/03/2005 01:00:00,30/10/2005 02:00:00,V,V,N
001,AD,2006,4,P,4,26/03/2006 01:00:00,29/10/2006 02:00:00,V,V,N
,AE,2005,16,P,0,,,V,V,N
,AE,2006,16,P,0,,,V,V,N
,AF,2005,18,P,0,,,V,V,N
,AF,2006,18,P,0,,,V,V,N
,AG,2005,16,N,0,,,V,V,N
,AG,2006,16,N,0,,,V,V,N
,AI,2005,16,N,0,,,V,V,N
,AI,2006,16,N,0,,,V,V,N
002,AL,2005,4,P,4,27/03/2005 01:00:00,30/10/2005 01:00:00,V,V,N
002,AL,2006,4,P,4,26/03/2006 01:00:00,29/10/2006 01:00:00,V,V,N
151,AM,2005,16,P,4,26/03/2005 22:00:00,29/10/2005 22:00:00,V,V,N
151,AM,2006,16,P,4,25/03/2006 22:00:00,28/10/2006 22:00:00,V,V,N
,AN,2005,16,N,0,,,V,V,N
,AN,2006,16,N,0,,,V,V,N
,AO,2005,4,P,0,,,V,V,S
,AO,2006,4,P,0,,,V,V,S
,AQ,2005,0,P,0,,,V,V,S
,AQ,2006,0,P,0,,,V,V,S
003,AR,2005,12,N,0,,,V,V,S
003,AR,2006,12,N,0,,,V,V,S
,AS,2005,44,N,0,,,V,V,S
,AS,2006,44,N,0,,,V,V,S
005,AT,2005,4,P,4,27/03/2005 01:00:00,30/10/2005 01:00:00,V,V,N
005,AT,2006,4,P,4,26/03/2006 01:00:00,29/10/2006 01:00:00,V,V,N
006,AU,2005,42,P,2,29/10/2005 15:30:00,26/03/2005 15:00:00,V,V,S
006,AU,2006,42,P,2,28/10/2006 15:30:00,25/03/2006 15:00:00,V,V,S
007,AU,2005,40,P,4,29/10/2005 16:00:00,26/03/2005 16:00:00,V,V,S
007,AU,2006,40,P,4,28/10/2006 16:00:00,25/03/2006 16:00:00,V,V,S
008,AU,2005,40,P,4,01/10/2005 16:00:00,26/03/2005 16:00:00,V,V,S
008,AU,2006,40,P,4,07/10/2006 16:00:00,25/03/2006 16:00:00,V,V,S
009,AU,2005,38,P,4,29/10/2005 16:30:00,26/03/2005 16:30:00,V,V,S
009,AU,2006,38,P,4,28/10/2006 16:30:00,25/03/2006 16:30:00,V,V,S
010,AU,2005,38,P,0,,,V,V,S
010,AU,2006,38,P,0,,,V,V,S
011,AU,2005,32,P,4,29/10/2005 18:00:00,26/03/2005 18:00:00,V,V,S
011,AU,2006,32,P,4,28/10/2006 18:00:00,25/03/2006 18:00:00,V,V,S
131,AU,2005,40,P,0,,,V,V,S
131,AU,2006,40,P,0,,,V,V,S
,AW,2005,16,N,0,,,V,V,N
,AW,2006,16,N,0,,,V,V,N
150,AZ,2005,16,P,4,27/03/2005,30/10/2005,V,V,N
150,AZ,2006,16,P,4,26/03/2006,29/10/2006,V,V,N
154,BA,2005,4,P,4,27/03/2005 01:00:00,30/10/2005 01:00:00,V,V,N
154,BA,2006,4,P,4,26/03/2006 01:00:00,29/10/2006 01:00:00,V,V,N
,BB,2005,16,N,0,,,V,V,N
,BB,2006,16,N,0,,,V,V,N
,BD,2005,24,P,0,,,V,V,N
,BD,2006,24,P,0,,,V,V,N
012,BE,2005,4,P,4,27/03/2005 01:00:00,30/10/2005 01:00:00,V,V,N
012,BE,2006,4,P,4,26/03/2006 01:00:00,29/10/2006 01:00:00,V,V,N
,BF,2005,0,P,0,,,V,V,N
,BF,2006,0,P,0,,,V,V,N
013,BG,2005,8,P,4,27/03/2005 01:00:00,30/10/2005 01:00:00,V,V,N
013,BG,2006,8,P,4,26/03/2006 01:00:00,29/10/2006 01:00:00,V,V,N
,BH,2005,12,P,0,,,V,V,N
,BH,2006,12,P,0,,,V,V,N
,BI,2005,8,P,0,,,V,V,S
,BI,2006,8,P,0,,,V,V,S
,BJ,2005,4,P,0,,,V,V,N
,BJ,2006,4,P,0,,,V,V,N
014,BM,2005,16,N,4,03/04/2005 06:00:00,30/10/2005 05:00:00,V,V,N
014,BM,2006,16,N,4,02/04/2006 06:00:00,29/10/2006 05:00:00,V,V,N
,BN,2005,32,P,0,,,V,V,N
,BN,2006,32,P,0,,,V,V,N
,BO,2005,16,N,0,,,V,V,S
,BO,2006,16,N,0,,,V,V,S
015,BR,2005,12,N,4,16/10/2005 03:00:00,19/02/2005 02:00:00,V,V,S
015,BR,2006,12,N,4,04/11/2006 03:00:00,18/02/2006 02:00:00,V,V,S
016,BR,2005,12,N,0,,,V,V,S
016,BR,2006,12,N,0,,,V,V,S
017,BR,2005,16,N,4,16/10/2005 04:00:00,19/02/2005 03:00:00,V,V,S
017,BR,2006,16,N,4,04/11/2006 04:00:00,18/02/2006 03:00:00,V,V,S
018,BR,2005,16,N,0,,,V,V,S
018,BR,2006,16,N,0,,,V,V,S
019,BR,2005,20,N,0,,,V,V,S
019,BR,2006,20,N,0,,,V,V,S
020,BR,2005,8,N,0,,,V,V,S
020,BR,2006,8,N,0,,,V,V,S
021,BS,2005,20,N,4,03/04/2005 07:00:00,30/10/2005 06:00:00,V,V,N
021,BS,2006,20,N,4,02/04/2006 07:00:00,29/10/2006 06:00:00,V,V,N
,BT,2005,24,P,0,,,V,V,N
,BT,2006,24,P,0,,,V,V,N
,BW,2005,8,P,0,,,V,V,S
,BW,2006,8,P,0,,,V,V,S
129,BY,2005,8,P,4,27/03/2005,30/10/2005,V,V,N
129,BY,2006,8,P,4,26/03/2006,29/10/2006,V,V,N
,BZ,2005,24,N,0,,,V,V,N
,BZ,2006,24,N,0,,,V,V,N
022,CA,2005,14,N,4,03/04/2005 05:30:00,30/10/2005 04:30:00,V,V,N
022,CA,2006,14,N,4,02/04/2006 05:30:00,29/10/2006 04:30:00,V,V,N
023,CA,2005,16,N,4,03/04/2005 06:00:00,30/10/2005 05:00:00,V,V,N
023,CA,2006,16,N,4,02/04/2006 06:00:00,29/10/2006 05:00:00,V,V,N
024,CA,2005,16,N,0,,,V,V,N
024,CA,2006,16,N,0,,,V,V,N
025,CA,2005,20,N,4,03/04/2005 07:00:00,30/10/2005 06:00:00,V,V,N
025,CA,2006,20,N,4,02/04/2006 07:00:00,29/10/2006 06:00:00,V,V,N
026,CA,2005,20,N,0,,,V,V,N
026,CA,2006,20,N,0,,,V,V,N
027,CA,2005,24,N,4,03/04/2005 08:00:00,30/10/2005 07:00:00,V,V,N
027,CA,2006,24,N,4,02/04/2006 08:00:00,29/10/2006 07:00:00,V,V,N
028,CA,2005,24,N,0,,,V,V,N
028,CA,2006,24,N,0,,,V,V,N
029,CA,2005,28,N,4,03/04/2005 09:00:00,30/10/2005 08:00:00,V,V,N
029,CA,2006,28,N,4,02/04/2006 09:00:00,29/10/2006 08:00:00,V,V,N
030,CA,2005,28,N,0,,,V,V,N
030,CA,2006,28,N,0,,,V,V,N
031,CA,2005,32,N,4,03/04/2005 10:00:00,30/10/2005 09:00:00,V,V,N
031,CA,2006,32,N,4,02/04/2006 10:00:00,29/10/2006 09:00:00,V,V,N
,CC,2005,26,P,0,,,V,V,S
,CC,2006,26,P,0,,,V,V,S
166,CD,2005,4,P,0,,,V,V,N
166,CD,2006,4,P,0,,,V,V,N
167,CD,2005,8,P,0,,,V,V,N
167,CD,2006,8,P,0,,,V,V,N
,CF,2005,4,P,0,,,V,V,N
,CF,2006,4,P,0,,,V,V,N
,CG,2005,4,P,0,,,V,V,N
,CG,2006,4,P,0,,,V,V,N
032,CH,2005,4,P,4,27/03/2005 01:00:00,30/10/2005 01:00:00,V,V,N
032,CH,2006,4,P,4,26/03/2006 01:00:00,29/10/2006 01:00:00,V,V,N
,CI,2005,0,P,0,,,V,V,N
,CI,2006,0,P,0,,,V,V,N
,CK,2005,40,N,0,,,V,V,S
,CK,2006,40,N,0,,,V,V,S
033,CL,2005,16,N,4,09/10/2005 04:00:00,13/03/2005 03:00:00,V,V,S
033,CL,2006,16,N,4,08/10/2006 04:00:00,12/03/2006 03:00:00,V,V,S
034,CL,2005,24,N,4,09/10/2005 06:00:00,13/03/2005 05:00:00,V,V,S
034,CL,2006,24,N,4,08/10/2006 06:00:00,12/03/2006 05:00:00,V,V,S
,CM,2005,4,P,0,,,V,V,N
,CM,2006,4,P,0,,,V,V,N
035,CN,2005,32,P,0,,,V,V,N
035,CN,2006,32,P,0,,,V,V,N
132,CO,2005,20,N,0,,,V,V,N
132,CO,2006,20,N,0,,,V,V,N
036,CR,2005,24,N,0,,,V,V,N
036,CR,2006,24,N,0,,,V,V,N
038,CU,2005,20,N,4,27/03/2005 05:00:00,30/10/2005 05:00:00,V,V,N
038,CU,2006,20,N,4,26/03/2006 05:00:00,29/10/2006 05:00:00,V,V,N
,CV,2005,4,N,0,,,V,V,N
,CV,2006,4,N,0,,,V,V,N
,CX,2005,28,P,0,,,V,V,S
,CX,2006,28,P,0,,,V,V,S
039,CY,2005,8,P,4,27/03/2005 01:00:00,30/10/2005 01:00:00,V,V,N
039,CY,2006,8,P,4,26/03/2006 01:00:00,29/10/2006 01:00:00,V,V,N
037,CZ,2005,4,P,4,27/03/2005 01:00:00,30/10/2005 01:00:00,V,V,N
037,CZ,2006,4,P,4,26/03/2006 01:00:00,29/10/2006 01:00:00,V,V,N
040,DE,2005,4,P,4,27/03/2005 01:00:00,30/10/2005 01:00:00,V,V,N
,DJ,2005,12,P,0,,,V,V,N
,DJ,2006,12,P,0,,,V,V,N
041,DK,2005,4,P,4,27/03/2005 01:00:00,30/10/2005 01:00:00,V,V,N
041,DK,2006,4,P,4,26/03/2006 01:00:00,29/10/2006 01:00:00,V,V,N
,DM,2005,16,N,0,,,V,V,N
,DM,2006,16,N,0,,,V,V,N
174,DO,2005,16,N,0,,,V,V,N
174,DO,2006,16,N,0,,,V,V,N
,DZ,2005,4,P,0,,,V,V,N
,DZ,2006,4,P,0,,,V,V,N
042,EC,2005,20,N,4,,,V,V,N
043,EC,2005,24,N,4,,,V,V,N
124,EE,2005,8,P,4,27/03/2005 01:00:00,30/10/2005 01:00:00,V,V,N
124,EE,2006,8,P,4,26/03/2006 01:00:00,29/10/2006 01:00:00,V,V,N
044,EG,2005,8,P,4,28/04/2005 22:00:00,28/09/2005 21:00:00,V,V,N
044,EG,2006,8,P,4,27/04/2006 22:00:00,27/09/2006 21:00:00,V,V,N
157,ER,2005,12,P,0,,,V,V,N
157,ER,2006,12,P,0,,,V,V,N
045,ES,2005,4,P,4,27/03/2005 01:00:00,30/10/2005 01:00:00,V,V,N
046,ES,2005,0,P,4,27/03/2005 02:00:00,30/10/2005 02:00:00,V,V,N
,ET,2005,12,P,0,,,V,V,N
,ET,2006,12,P,0,,,V,V,N
047,FI,2005,8,P,4,27/03/2005 01:00:00,30/10/2005 01:00:00,V,V,N
047,FI,2006,8,P,4,26/03/2006 01:00:00,29/10/2006 01:00:00,V,V,N
169,FJ,2005,48,P,0,,,V,V,S
169,FJ,2006,48,P,0,,,V,V,S
048,FK,2005,16,N,4,04/09/2005 06:00:00,22/04/2005 05:00:00,V,V,S
048,FK,2006,16,N,4,03/09/2006 06:00:00,22/04/2006 05:00:00,V,V,S
049,FM,2005,40,P,0,,,V,V,S
049,FM,2006,40,P,0,,,V,V,S
050,FM,2005,44,P,0,,,V,V,S
050,FM,2006,44,P,0,,,V,V,S
051,FO,2005,0,P,4,27/03/2005 01:00:00,30/10/2005 01:00:00,V,V,N
051,FO,2006,0,P,4,26/03/2006 01:00:00,29/10/2006 01:00:00,V,V,N
,GA,2005,4,P,0,,,V,V,N
,GA,2006,4,P,0,,,V,V,N
053,GB,2005,0,P,4,27/03/2005 01:00:00,30/10/2005 01:00:00,V,V,N
,GD,2005,16,N,0,,,V,V,N
,GD,2006,16,N,0,,,V,V,N
170,GE,2005,16,P,4,27/03/2005 02:00:00,01/01/2006,V,U,N
170,GE,2006,16,P,0,,,V,V,N
,GF,2005,12,N,0,,,V,V,N
,GF,2006,12,N,0,,,V,V,N
,GH,2005,0,P,0,,,V,V,N
,GH,2006,0,P,0,,,V,V,N
054,GI,2005,4,P,4,27/03/2005 01:00:00,30/10/2005 01:00:00,V,V,N
054,GI,2006,4,P,4,26/03/2006 01:00:00,29/10/2006 01:00:00,V,V,N
,AE,2008,16,P,0,,,V,V,N
,AF,2007,18,P,0,,,V,V,N
003,AR,2008,12,N,0,,,V,V,S
,AS,2007,44,N,0,,,V,V,S
011,AU,2009,32,P,4,01/01/2010,28/03/2009 18:00:00,U,V,S
013,BG,2007,8,P,4,25/03/2007 01:00:00,28/10/2007 01:00:00,V,V,N
016,BR,2008,12,N,0,,,V,V,S
016,BR,2009,12,N,0,,,V,V,S
129,BY,2008,8,P,4,30/03/2008,26/10/2008,V,V,N
029,CA,2008,28,N,4,09/03/2008 09:00:00,02/11/2008 08:00:00,V,V,N
,CI,2008,0,P,0,,,V,V,N
,CK,2007,40,N,0,,,V,V,S
,CV,2007,4,N,0,,,V,V,N
,CV,2008,4,N,0,,,V,V,N
042,EC,2007,20,N,4,,,V,V,N
042,EC,2008,20,N,4,,,V,V,N
048,FK,2009,16,N,4,01/01/2010,19/04/2009 05:00:00,U,V,S
054,GI,2008,4,P,4,30/03/2008 01:00:00,26/10/2008 01:00:00,V,V,N
,GU,2007,40,P,0,,,V,V,N
,GY,2007,16,N,0,,,V,V,N
,GY,2008,16,N,0,,,V,V,N
064,IE,2007,0,P,4,25/03/2007 01:00:00,28/10/2007 01:00:00,V,V,N
068,JO,2008,8,P,4,27/03/2008 22:00:00,30/10/2008 21:00:00,V,V,N
,KN,2008,16,N,0,,,V,V,N
,KP,2007,36,P,0,,,V,V,N
072,LB,2008,8,P,4,29/03/2008 22:00:00,25/10/2008 21:00:00,V,V,N
122,LY,2008,8,P,0,,,V,V,N
,MA,2007,0,P,0,,,V,V,N
,MM,2007,26,P,0,,,V,V,N
,MM,2008,26,P,0,,,V,V,N
,MV,2007,20,P,0,,,V,V,N
,MV,2008,20,P,0,,,V,V,N
004,NA,2009,4,P,4,01/01/2010,05/04/2009,U,V,S
,NU,2008,44,N,0,,,V,V,S
084,NZ,2007,48,P,4,06/10/2007 14:00:00,17/03/2007 14:00:00,V,V,S
158,PT,2008,4,N,4,30/03/2008 01:00:00,26/10/2008 01:00:00,V,V,N
142,RU,2008,24,P,4,29/03/2008 20:00:00,25/10/2008 20:00:00,V,V,N
,SC,2007,16,P,0,,,V,V,S
,SC,2008,16,P,0,,,V,V,S
055,GL,2005,12,N,4,27/03/2005 01:00:00,29/10/2005 01:00:00,V,V,N
055,GL,2006,12,N,4,26/03/2006 01:00:00,28/10/2006 01:00:00,V,V,N
056,GL,2005,16,N,4,03/04/2005 06:00:00,30/10/2005 05:00:00,V,V,N
056,GL,2006,16,N,4,02/04/2006 06:00:00,29/10/2006 05:00:00,V,V,N
057,GL,2005,4,N,4,27/03/2005 01:00:00,30/10/2005 01:00:00,V,V,N
057,GL,2006,4,N,4,26/03/2006 01:00:00,29/10/2006 01:00:00,V,V,N
,GM,2005,0,P,0,,,V,V,N
,GM,2006,0,P,0,,,V,V,N
,GN,2005,0,P,0,,,V,V,N
,GN,2006,0,P,0,,,V,V,N
,GP,2005,16,N,0,,,V,V,N
,GP,2006,16,N,0,,,V,V,N
,GQ,2005,4,P,0,,,V,V,N
,GQ,2006,4,P,0,,,V,V,N
058,GR,2005,8,P,4,27/03/2005 01:00:00,30/10/2005 01:00:00,V,V,N
058,GR,2006,8,P,4,26/03/2006 01:00:00,29/10/2006 01:00:00,V,V,N
119,GT,2005,24,N,0,,,V,V,N
119,GT,2006,24,N,0,,,V,V,N
,GU,2005,40,P,0,,,V,V,N
,GU,2006,40,P,0,,,V,V,N
,GW,2005,0,P,0,,,V,V,N
,GW,2006,0,P,0,,,V,V,N
,GY,2005,16,N,0,,,V,V,N
,GY,2006,16,N,0,,,V,V,N
,HK,2005,32,P,0,,,V,V,N
,HK,2006,32,P,0,,,V,V,N
,HN,2005,24,N,0,,,V,V,N
,HN,2006,24,N,0,,,V,V,N
152,HR,2005,4,P,4,27/03/2005 01:00:00,30/10/2005 01:00:00,V,V,N
152,HR,2006,4,P,4,26/03/2006 01:00:00,29/10/2006 01:00:00,V,V,N
059,HT,2005,20,N,0,03/04/2005 05:00:00,30/10/2005 04:00:00,V,V,N
059,HT,2006,20,N,0,02/04/2006 05:00:00,29/10/2006 04:00:00,V,V,N
060,HU,2005,4,P,4,27/03/2005 01:00:00,30/10/2005 01:00:00,V,V,N
060,HU,2006,4,P,4,26/03/2006 01:00:00,29/10/2006 01:00:00,V,V,N
061,ID,2005,28,P,0,,,V,V,S
061,ID,2006,28,P,0,,,V,V,S
062,ID,2005,32,P,0,,,V,V,S
062,ID,2006,32,P,0,,,V,V,S
063,ID,2005,36,P,0,,,V,V,S
063,ID,2006,36,P,0,,,V,V,S
064,IE,2005,0,P,4,27/03/2005 01:00:00,30/10/2005 01:00:00,V,V,N
064,IE,2006,0,P,4,26/03/2006 01:00:00,29/10/2006 01:00:00,V,V,N
065,IL,2005,8,P,4,27/03/2005,08/10/2005 23:00:00,V,V,N
065,IL,2006,8,P,4,26/03/2006,30/09/2006 23:00:00,V,V,N
,IN,2005,22,P,0,,,V,V,N
,IN,2006,22,P,0,,,V,V,N
066,IQ,2005,12,P,4,01/04/2005,01/10/2005,V,V,N
066,IQ,2006,12,P,4,01/04/2006,01/10/2006,V,V,N
120,IR,2005,14,P,4,21/03/2005,21/09/2005 23:00:00,V,V,N
120,IR,2006,14,P,0,,,V,V,N
,IS,2005,0,P,0,,,V,V,N
,IS,2006,0,P,0,,,V,V,N
067,IT,2005,4,P,4,27/03/2005 01:00:00,30/10/2005 01:00:00,V,V,N
,JM,2005,20,N,0,,,V,V,N
,JM,2006,20,N,0,,,V,V,N
068,JO,2005,8,P,4,31/03/2005 22:00:00,27/10/2005 21:00:00,V,V,N
068,JO,2006,8,P,4,30/03/2006 22:00:00,26/10/2006 21:00:00,V,V,N
,JP,2005,36,P,0,,,V,V,N
,JP,2006,36,P,0,,,V,V,N
,KE,2005,12,P,0,,,V,V,N
,KE,2006,12,P,0,,,V,V,N
134,KG,2005,24,P,4,27/03/2005 02:30:00,12/12/2005,V,V,N
134,KG,2006,24,P,0,,,V,V,N
,KH,2005,28,P,0,,,V,V,N
,KH,2006,28,P,0,,,V,V,N
069,KI,2005,48,P,0,,,V,V,S
069,KI,2006,48,P,0,,,V,V,S
070,KI,2005,56,P,0,,,V,V,S
070,KI,2006,56,P,0,,,V,V,S
071,KI,2005,52,P,0,,,V,V,S
071,KI,2006,52,P,0,,,V,V,S
,KM,2005,12,P,0,,,V,V,S
,KM,2006,12,P,0,,,V,V,S
,KN,2005,16,N,0,,,V,V,N
,KN,2006,16,N,0,,,V,V,N
,KP,2005,36,P,0,,,V,V,N
,KP,2006,36,P,0,,,V,V,N
,KR,2005,36,P,0,,,V,V,N
,KR,2006,36,P,0,,,V,V,N
,KW,2005,12,P,0,,,V,V,N
,KW,2006,12,P,0,,,V,V,N
,KY,2005,20,N,0,,,V,V,N
,KY,2006,20,N,0,,,V,V,N
133,KZ,2005,24,P,0,,,V,V,N
133,KZ,2006,24,P,0,,,V,V,N
162,KZ,2005,20,P,0,,,V,V,N
162,KZ,2006,20,P,0,,,V,V,N
164,KZ,2005,24,P,0,,,V,V,N
164,KZ,2006,24,P,0,,,V,V,N
,LA,2005,28,P,0,,,V,V,N
,LA,2006,28,P,0,,,V,V,N
072,LB,2005,8,P,4,26/03/2005 22:00:00,29/10/2005 21:00:00,V,V,N
072,LB,2006,8,P,4,25/03/2006 22:00:00,28/10/2006 21:00:00,V,V,N
,LC,2005,16,N,0,,,V,V,N
,LC,2006,16,N,0,,,V,V,N
091,LI,2005,4,P,4,27/03/2005 01:00:00,30/10/2005 01:00:00,V,V,N
091,LI,2006,4,P,4,26/03/2006 01:00:00,29/10/2006 01:00:00,V,V,N
187,LK,2005,22,P,0,,,V,V,N
187,LK,2006,22,P,0,,,V,V,N
,LR,2005,0,P,0,,,V,V,N
,LR,2006,0,P,0,,,V,V,N
,LS,2005,8,P,0,,,V,V,S
,LS,2006,8,P,0,,,V,V,S
125,LT,2005,8,P,4,27/03/2005 01:00:00,30/10/2005 01:00:00,V,V,N
125,LT,2006,8,P,4,26/03/2006 01:00:00,29/10/2006 01:00:00,V,V,N
073,LU,2005,4,P,4,27/03/2005 01:00:00,30/10/2005 01:00:00,V,V,N
073,LU,2006,4,P,4,26/03/2006 01:00:00,29/10/2006 01:00:00,V,V,N
126,LV,2005,8,P,4,27/03/2005 01:00:00,30/10/2005 01:00:00,V,V,N
126,LV,2006,8,P,4,26/03/2006 01:00:00,29/10/2006 01:00:00,V,V,N
122,LY,2005,8,P,0,,,V,V,N
122,LY,2006,8,P,0,,,V,V,N
,MA,2005,0,P,0,,,V,V,N
,MA,2006,0,P,0,,,V,V,N
074,MC,2005,4,P,4,27/03/2005 01:00:00,30/10/2005 01:00:00,V,V,N
074,MC,2006,4,P,4,26/03/2006 01:00:00,29/10/2006 01:00:00,V,V,N
135,MD,2005,8,P,4,27/03/2005 01:00:00,30/10/2005 01:00:00,V,V,N
135,MD,2006,8,P,4,26/03/2006 01:00:00,29/10/2006 01:00:00,V,V,N
188,ME,2005,4,P,4,27/03/2005 01:00:00,30/10/2005 01:00:00,V,V,N
188,ME,2006,4,P,4,26/03/2006 01:00:00,29/10/2006 01:00:00,V,V,N
,MG,2005,12,P,0,,,V,V,S
,MG,2006,12,P,0,,,V,V,S
075,MH,2005,48,P,0,,,V,V,S
075,MH,2006,48,P,0,,,V,V,S
076,MH,2005,48,P,0,,,V,V,S
076,MH,2006,48,P,0,,,V,V,S
159,MK,2005,4,P,4,27/03/2005 01:00:00,30/10/2005 01:00:00,V,V,N
159,MK,2006,4,P,4,26/03/2006 01:00:00,29/10/2006 01:00:00,V,V,N
,ML,2005,0,P,0,,,V,V,N
,ML,2006,0,P,0,,,V,V,N
,MM,2005,26,P,0,,,V,V,N
,MM,2006,26,P,0,,,V,V,N
175,MN,2005,32,P,4,26/03/2005 18:00:00,24/09/2005 17:00:00,V,V,N
